window_length_fraction,hop_fraction,window_function,Mean_SS,Mean_perc_SS,SS_time,SS_treatment,SS_sex,SS_order,SS_residuals,F_time,F_treatment,F_sex,F_order,F_residuals,p_time,p_treatment,p_sex,p_order,dist_time,dist_treatment,dist_sex,dist_order
1,1,boxcar,119952.25458219381,42.79471006845018,0.6180019255008664,4.692762328973723,3.1053185548124027,3.4620056667570043,52.12972257346679,0.9958265492188759,3.7808760163480155,5.003801012687696,0.7969362956523642,nan,0.36363636363636365,0.005994005994005994,0.006993006993006993,0.6453546453546454,12.868211353550604,73.24410562078552,21.11381104484914,573.3863979398269
1,1,hann,111890.22302884689,38.946532878187625,0.6137416905919568,6.638720559768292,2.941613255369069,4.1417178927099245,59.39692235159686,0.8679625133529897,4.694288061926363,4.1600726715827685,0.8367540395160376,nan,0.43956043956043955,0.004995004995004995,0.02097902097902098,0.6483516483516484,10.879088143935988,76.95412388030704,19.924378955990964,601.1648962472186
1,1,blackman,110818.65048877093,39.59519309946515,0.7008275445331364,6.172292810531179,2.9875770223278386,4.37645493063443,56.69036149014618,1.0384395546854304,4.572846092847186,4.426792549544057,0.9263913262705451,nan,0.33666333666333664,0.005994005994005994,0.024975024975024976,0.5164835164835165,11.584662985864073,78.88013711841452,20.235662153473292,649.9387583672092
1,0.9,boxcar,119952.25458219381,42.79471006845018,0.6180019255008664,4.692762328973723,3.1053185548124027,3.4620056667570043,52.12972257346679,0.9958265492188759,3.7808760163480155,5.003801012687696,0.7969362956523642,nan,0.33466533466533466,0.008991008991008992,0.004995004995004995,0.6523476523476524,12.868211353550604,73.24410562078552,21.11381104484914,573.3863979398269
1,0.9,hann,111890.22302884689,38.946532878187625,0.6137416905919568,6.638720559768292,2.941613255369069,4.1417178927099245,59.39692235159686,0.8679625133529897,4.694288061926363,4.1600726715827685,0.8367540395160376,nan,0.42857142857142855,0.002997002997002997,0.03596403596403597,0.6403596403596403,10.879088143935988,76.95412388030704,19.924378955990964,601.1648962472186
1,0.9,blackman,110818.65048877093,39.59519309946515,0.7008275445331364,6.172292810531179,2.9875770223278386,4.37645493063443,56.69036149014618,1.0384395546854304,4.572846092847186,4.426792549544057,0.9263913262705451,nan,0.38461538461538464,0.001998001998001998,0.015984015984015984,0.5574425574425574,11.584662985864073,78.88013711841452,20.235662153473292,649.9387583672092
1,0.8,boxcar,119952.25458219381,42.79471006845018,0.6180019255008664,4.692762328973723,3.1053185548124027,3.4620056667570043,52.12972257346679,0.9958265492188759,3.7808760163480155,5.003801012687696,0.7969362956523642,nan,0.3256743256743257,0.006993006993006993,0.017982017982017984,0.6383616383616384,12.868211353550604,73.24410562078552,21.11381104484914,573.3863979398269
1,0.8,hann,111890.22302884689,38.946532878187625,0.6137416905919568,6.638720559768292,2.941613255369069,4.1417178927099245,59.39692235159686,0.8679625133529897,4.694288061926363,4.1600726715827685,0.8367540395160376,nan,0.43756243756243757,0.001998001998001998,0.03496503496503497,0.6123876123876124,10.879088143935988,76.95412388030704,19.924378955990964,601.1648962472186
1,0.8,blackman,110818.65048877093,39.59519309946515,0.7008275445331364,6.172292810531179,2.9875770223278386,4.37645493063443,56.69036149014618,1.0384395546854304,4.572846092847186,4.426792549544057,0.9263913262705451,nan,0.3596403596403596,0.004995004995004995,0.024975024975024976,0.5694305694305695,11.584662985864073,78.88013711841452,20.235662153473292,649.9387583672092
1,0.7,boxcar,119952.25458219381,42.79471006845018,0.6180019255008664,4.692762328973723,3.1053185548124027,3.4620056667570043,52.12972257346679,0.9958265492188759,3.7808760163480155,5.003801012687696,0.7969362956523642,nan,0.3246753246753247,0.008991008991008992,0.008991008991008992,0.6143856143856143,12.868211353550604,73.24410562078552,21.11381104484914,573.3863979398269
1,0.7,hann,111890.22302884689,38.946532878187625,0.6137416905919568,6.638720559768292,2.941613255369069,4.1417178927099245,59.39692235159686,0.8679625133529897,4.694288061926363,4.1600726715827685,0.8367540395160376,nan,0.44155844155844154,0.001998001998001998,0.03696303696303696,0.6453546453546454,10.879088143935988,76.95412388030704,19.924378955990964,601.1648962472186
1,0.7,blackman,110818.65048877093,39.59519309946515,0.7008275445331364,6.172292810531179,2.9875770223278386,4.37645493063443,56.69036149014618,1.0384395546854304,4.572846092847186,4.426792549544057,0.9263913262705451,nan,0.34565434565434566,0.001998001998001998,0.02097902097902098,0.5434565434565435,11.584662985864073,78.88013711841452,20.235662153473292,649.9387583672092
1,0.6,boxcar,119952.25458219381,42.79471006845018,0.6180019255008664,4.692762328973723,3.1053185548124027,3.4620056667570043,52.12972257346679,0.9958265492188759,3.7808760163480155,5.003801012687696,0.7969362956523642,nan,0.3436563436563437,0.005994005994005994,0.004995004995004995,0.6493506493506493,12.868211353550604,73.24410562078552,21.11381104484914,573.3863979398269
1,0.6,hann,111890.22302884689,38.946532878187625,0.6137416905919568,6.638720559768292,2.941613255369069,4.1417178927099245,59.39692235159686,0.8679625133529897,4.694288061926363,4.1600726715827685,0.8367540395160376,nan,0.43456543456543456,0.004995004995004995,0.024975024975024976,0.6243756243756243,10.879088143935988,76.95412388030704,19.924378955990964,601.1648962472186
1,0.6,blackman,110818.65048877093,39.59519309946515,0.7008275445331364,6.172292810531179,2.9875770223278386,4.37645493063443,56.69036149014618,1.0384395546854304,4.572846092847186,4.426792549544057,0.9263913262705451,nan,0.34765234765234765,0.005994005994005994,0.01898101898101898,0.5404595404595405,11.584662985864073,78.88013711841452,20.235662153473292,649.9387583672092
1,0.5,boxcar,119952.25458219381,42.79471006845018,0.6180019255008664,4.692762328973723,3.1053185548124027,3.4620056667570043,52.12972257346679,0.9958265492188759,3.7808760163480155,5.003801012687696,0.7969362956523642,nan,0.35064935064935066,0.004995004995004995,0.00999000999000999,0.6543456543456544,12.868211353550604,73.24410562078552,21.11381104484914,573.3863979398269
1,0.5,hann,111890.22302884689,38.946532878187625,0.6137416905919568,6.638720559768292,2.941613255369069,4.1417178927099245,59.39692235159686,0.8679625133529897,4.694288061926363,4.1600726715827685,0.8367540395160376,nan,0.4175824175824176,0.004995004995004995,0.02197802197802198,0.6533466533466533,10.879088143935988,76.95412388030704,19.924378955990964,601.1648962472186
1,0.5,blackman,110818.65048877093,39.59519309946515,0.7008275445331364,6.172292810531179,2.9875770223278386,4.37645493063443,56.69036149014618,1.0384395546854304,4.572846092847186,4.426792549544057,0.9263913262705451,nan,0.35764235764235763,0.01098901098901099,0.02097902097902098,0.5574425574425574,11.584662985864073,78.88013711841452,20.235662153473292,649.9387583672092
1,0.4,boxcar,119952.25458219381,42.79471006845018,0.6180019255008664,4.692762328973723,3.1053185548124027,3.4620056667570043,52.12972257346679,0.9958265492188759,3.7808760163480155,5.003801012687696,0.7969362956523642,nan,0.34665334665334663,0.011988011988011988,0.015984015984015984,0.6373626373626373,12.868211353550604,73.24410562078552,21.11381104484914,573.3863979398269
1,0.4,hann,111890.22302884689,38.946532878187625,0.6137416905919568,6.638720559768292,2.941613255369069,4.1417178927099245,59.39692235159686,0.8679625133529897,4.694288061926363,4.1600726715827685,0.8367540395160376,nan,0.42957042957042957,0.002997002997002997,0.022977022977022976,0.6263736263736264,10.879088143935988,76.95412388030704,19.924378955990964,601.1648962472186
1,0.4,blackman,110818.65048877093,39.59519309946515,0.7008275445331364,6.172292810531179,2.9875770223278386,4.37645493063443,56.69036149014618,1.0384395546854304,4.572846092847186,4.426792549544057,0.9263913262705451,nan,0.3946053946053946,0.003996003996003996,0.01998001998001998,0.5394605394605395,11.584662985864073,78.88013711841452,20.235662153473292,649.9387583672092
1,0.3,boxcar,119952.25458219381,42.79471006845018,0.6180019255008664,4.692762328973723,3.1053185548124027,3.4620056667570043,52.12972257346679,0.9958265492188759,3.7808760163480155,5.003801012687696,0.7969362956523642,nan,0.35364635364635366,0.004995004995004995,0.006993006993006993,0.6273726273726273,12.868211353550604,73.24410562078552,21.11381104484914,573.3863979398269
1,0.3,hann,111890.22302884689,38.946532878187625,0.6137416905919568,6.638720559768292,2.941613255369069,4.1417178927099245,59.39692235159686,0.8679625133529897,4.694288061926363,4.1600726715827685,0.8367540395160376,nan,0.43956043956043955,0.002997002997002997,0.02197802197802198,0.6363636363636364,10.879088143935988,76.95412388030704,19.924378955990964,601.1648962472186
1,0.3,blackman,110818.65048877093,39.59519309946515,0.7008275445331364,6.172292810531179,2.9875770223278386,4.37645493063443,56.69036149014618,1.0384395546854304,4.572846092847186,4.426792549544057,0.9263913262705451,nan,0.35564435564435565,0.004995004995004995,0.015984015984015984,0.5334665334665335,11.584662985864073,78.88013711841452,20.235662153473292,649.9387583672092
1,0.2,boxcar,119952.25458219381,42.79471006845018,0.6180019255008664,4.692762328973723,3.1053185548124027,3.4620056667570043,52.12972257346679,0.9958265492188759,3.7808760163480155,5.003801012687696,0.7969362956523642,nan,0.3166833166833167,0.003996003996003996,0.00999000999000999,0.6403596403596403,12.868211353550604,73.24410562078552,21.11381104484914,573.3863979398269
1,0.2,hann,111890.22302884689,38.946532878187625,0.6137416905919568,6.638720559768292,2.941613255369069,4.1417178927099245,59.39692235159686,0.8679625133529897,4.694288061926363,4.1600726715827685,0.8367540395160376,nan,0.4205794205794206,0.006993006993006993,0.024975024975024976,0.6523476523476524,10.879088143935988,76.95412388030704,19.924378955990964,601.1648962472186
1,0.2,blackman,110818.65048877093,39.59519309946515,0.7008275445331364,6.172292810531179,2.9875770223278386,4.37645493063443,56.69036149014618,1.0384395546854304,4.572846092847186,4.426792549544057,0.9263913262705451,nan,0.33966033966033965,0.004995004995004995,0.01898101898101898,0.5304695304695305,11.584662985864073,78.88013711841452,20.235662153473292,649.9387583672092
1,0.1,boxcar,119952.25458219381,42.79471006845018,0.6180019255008664,4.692762328973723,3.1053185548124027,3.4620056667570043,52.12972257346679,0.9958265492188759,3.7808760163480155,5.003801012687696,0.7969362956523642,nan,0.33666333666333664,0.005994005994005994,0.008991008991008992,0.6183816183816184,12.868211353550604,73.24410562078552,21.11381104484914,573.3863979398269
1,0.1,hann,111890.22302884689,38.946532878187625,0.6137416905919568,6.638720559768292,2.941613255369069,4.1417178927099245,59.39692235159686,0.8679625133529897,4.694288061926363,4.1600726715827685,0.8367540395160376,nan,0.4075924075924076,0.007992007992007992,0.026973026973026972,0.6353646353646354,10.879088143935988,76.95412388030704,19.924378955990964,601.1648962472186
1,0.1,blackman,110818.65048877093,39.59519309946515,0.7008275445331364,6.172292810531179,2.9875770223278386,4.37645493063443,56.69036149014618,1.0384395546854304,4.572846092847186,4.426792549544057,0.9263913262705451,nan,0.4025974025974026,0.003996003996003996,0.01898101898101898,0.5544455544455544,11.584662985864073,78.88013711841452,20.235662153473292,649.9387583672092
0.5,1,boxcar,226117.70902540715,61.58790291162941,0.889658384938735,2.4090583180038982,4.042487142629794,2.461639998035091,29.627367685645485,2.522374080875946,3.4151008766528332,11.461326013968645,0.9970403138694337,nan,0.059940059940059943,0.003996003996003996,0.000999000999000999,0.3856143856143856,21.529528060439826,65.02672870462125,28.27123384687491,746.1113906531727
0.5,1,hann,234719.91336378953,61.400148999913405,0.6131599635161009,2.6762201247520365,3.6871217245217744,2.0268816916576577,30.82579771833162,1.6708549574606144,3.6463369501948777,10.047370961486733,0.7890332805703074,nan,0.15284715284715283,0.000999000999000999,0.000999000999000999,0.6763236763236763,19.627580893232416,67.31706266581641,27.840385771576795,645.3769318207409
0.5,1,blackman,229877.01565012403,60.78400523832025,0.6342687467878041,2.9171448071617734,3.7030102693199485,2.0764897862751392,31.584980815225983,1.6868325816583007,3.8790614633437412,9.848125741869321,0.7889153892817836,nan,0.16083916083916083,0.002997002997002997,0.000999000999000999,0.6883116883116883,19.24797769387885,68.78826141732546,27.8714590829168,648.6142872329087
0.5,0.9,boxcar,220999.83860991988,61.62333474313153,0.833163345468672,2.424595591949215,4.077021318688743,2.5977654805808816,30.71189085167278,2.2787825522490275,3.31575204384788,11.151048706960392,1.0150200753683871,nan,0.07292707292707293,0.006993006993006993,0.000999000999000999,0.4045954045954046,22.902158411956894,65.40703749560998,28.394227848485542,773.6027533633735
0.5,0.9,hann,236257.0585328392,61.42103455418453,0.6294603956346044,2.6535467306890523,3.715555213740871,2.0735259844040446,30.569482028090576,1.729655516724809,3.6457589496128437,10.209745708724654,0.8139592221413483,nan,0.13186813186813187,0.002997002997002997,0.000999000999000999,0.6583416583416584,19.379655914881372,67.17979539848257,27.535450223756637,641.0886126477416
0.5,0.9,blackman,231238.20130465186,60.84452302859744,0.5880251432426654,2.849507118090464,3.756021358545435,2.177870198292428,31.41788690196944,1.5721653141888294,3.8092727029422644,10.042234702233873,0.8318332312117047,nan,0.16983016983016982,0.003996003996003996,0.000999000999000999,0.6203796203796204,18.794128291612488,68.40215078007756,27.37563172806743,639.0378293931483
0.5,0.8,boxcar,84612.83233577886,38.85192443517931,1.5151817034839308,3.0456040894660372,2.8881707528130174,13.711434446595467,46.18811595289742,2.7555846448130796,2.769443375608165,5.2525706717222045,3.5623278837989503,nan,0.04495504495504495,0.016983016983016984,0.003996003996003996,0.000999000999000999,16.157362430490547,57.02048320800553,19.804136022716584,835.5453843024815
0.5,0.8,hann,160880.36220336286,55.041705770888086,0.8384831093156617,3.018630297826516,4.087266344845675,6.3938300518310704,34.263468721461365,2.0556173618930536,3.700222926621023,10.020304008274191,2.2392934365665824,nan,0.09490509490509491,0.000999000999000999,0.000999000999000999,0.007992007992007992,17.650198928887303,61.83012323172632,24.936740932181966,746.9492146375098
0.5,0.8,blackman,184387.99319280707,57.97008727533757,0.9126424621201437,3.098627101649296,4.132432708911561,3.738052724520191,32.65565771623207,2.347586059489651,3.9852922087856424,10.629837884907362,1.3736251489415112,nan,0.08291708291708291,0.002997002997002997,0.000999000999000999,0.12887112887112886,17.972008483537568,65.89171633952148,26.18693941595156,720.4606616679685
0.5,0.7,boxcar,108161.65997897275,45.99711589244318,0.8482138508659854,3.02232497981043,3.5767549558068095,5.233005964410543,45.53591969066727,1.5646980220615962,2.787637759692692,6.598031143957539,1.3790447628929028,nan,0.17082917082917082,0.026973026973026972,0.002997002997002997,0.13186813186813187,15.302694929277834,57.85668501042373,21.751933313958798,732.1913336485936
0.5,0.7,hann,88616.30823173048,39.22478730377238,1.3423029365616248,3.3359139774966047,3.5318350547092834,11.80913958614286,44.6689786766751,2.524200239439394,3.136592579584052,6.641614681700676,3.1724404549171203,nan,0.07092907092907093,0.014985014985014986,0.000999000999000999,0.000999000999000999,15.28973150254645,60.518458634498046,21.917791971224172,802.0685467386563
0.5,0.7,blackman,96955.26183142196,41.02175754425576,1.1859804631575184,3.721624989386939,3.4282138313272545,11.06793424005068,43.212727521100966,2.305393911008869,3.6171808289103113,6.664007998358177,3.0735206616095665,nan,0.08491508491508491,0.002997002997002997,0.000999000999000999,0.000999000999000999,15.124702446597157,60.98733772930574,21.339089018905607,781.3226153534326
0.5,0.6,boxcar,113333.1450956122,41.41919367378782,0.6453648557434808,5.738431167870046,3.0923908977846573,3.7175878597186838,54.90609175988131,0.987333939547723,4.389569560050998,4.731002099911122,0.8124973547875162,nan,0.3276723276723277,0.004995004995004995,0.012987012987012988,0.6173826173826173,11.595212771684288,73.96834374976103,20.429964707236255,559.7679864319919
0.5,0.6,hann,80315.89565018541,38.1375784828799,1.2938446703276187,3.72346626296352,3.0342161393183757,10.320722268919818,49.640297843651794,2.1894097543457587,3.1503755988133553,5.134420355524476,2.494921920434772,nan,0.08691308691308691,0.007992007992007992,0.003996003996003996,0.001998001998001998,14.159281047147031,59.24709803818667,19.18018837840307,783.5000669331016
0.5,0.6,blackman,69502.22234521083,33.971789185946655,1.39032850558053,4.2043893031637625,2.98044315191004,11.144986018348863,51.792324515562946,2.2549208895551947,3.409469499284911,4.833867317254975,2.5822326661549857,nan,0.07992007992007992,0.006993006993006993,0.004995004995004995,0.002997002997002997,14.148397797868283,61.009008613151224,18.678193869297925,834.6111781115387
0.5,0.5,boxcar,254158.70690438387,53.664751829517975,0.8005767120429467,3.766461783470591,3.9791946362497885,2.8860246272798133,37.81435747089345,1.77838388139664,4.183368579712831,8.839297341023544,0.9158504294040962,nan,0.15184815184815184,0.003996003996003996,0.000999000999000999,0.5024975024975025,22.6507515688786,83.93999351090963,31.47032400219395,845.0545876503845
0.5,0.5,hann,272447.26713654766,57.00633438339354,0.47640243721808795,2.9188682368822483,3.631475358178476,3.309407578617698,33.1321394726446,1.2078243470923422,3.7001071437077684,9.206888988827606,1.198621386228352,nan,0.2547452547452547,0.001998001998001998,0.000999000999000999,0.22077922077922077,22.823912038449517,82.97767596703042,32.25521314174282,918.8034585404373
0.5,0.5,blackman,272688.9963280249,58.16342047321436,0.3214724731391163,2.6519187060978053,3.537010741152221,4.176010045120516,31.849368003725655,0.8478563135232997,3.4971050490885354,9.32856508242272,1.5734102019099472,nan,0.4405594405594406,0.005994005994005994,0.000999000999000999,0.05194805194805195,22.82161543228438,77.3931561097809,31.462572615187415,943.0514052348534
0.5,0.4,boxcar,132271.47048283697,38.892870151611575,1.12508864986424,4.685501166757726,3.073688056404919,10.019560943772083,50.749629513052795,1.8622292910392357,3.877684446015708,5.087520819666414,2.3691745630249508,nan,0.11388611388611389,0.002997002997002997,0.004995004995004995,0.003996003996003996,17.620879267988077,77.52840444317182,24.144450110666266,928.3116107629874
0.5,0.4,hann,200778.99835424748,49.23036970179598,0.8378066860336684,4.153315096606401,3.8823299053615283,5.968269784053559,41.34646631548998,1.7020985805614703,4.218963543980473,7.887390171676966,1.7321731163712868,nan,0.1878121878121878,0.004995004995004995,0.001998001998001998,0.04295704295704296,19.60687278345682,81.8208605375246,28.840583309070194,894.3747040849387
0.5,0.4,blackman,239568.76885360124,54.01049923586113,0.902716765162058,3.651535753773337,3.889844000253411,4.104489455942409,37.16455247393793,2.040336913159072,4.126633887654877,8.791896424702585,1.3252917146210423,nan,0.12387612387612387,0.005994005994005994,0.000999000999000999,0.17882117882117882,20.806184031790934,85.21549395448857,30.64557103742379,934.142576172343
0.5,0.3,boxcar,287794.7983174274,49.13861560646387,0.7213824190647111,4.656701624170288,3.8935747197633908,3.4241873708836343,44.49653202679478,1.3618167628197664,4.395431718080355,7.350241952859982,0.9234483358357009,nan,0.2517482517482518,0.000999000999000999,0.002997002997002997,0.5124875124875125,24.970451018832165,99.23899640307803,34.469965422023854,954.310632582249
0.5,0.3,hann,296743.99338607717,52.04757322021879,0.3640843463775173,3.47280713470849,3.601180558780869,4.695138880846568,37.76764946142766,0.8097693537149074,3.861979809114734,8.009478250600088,1.491797010764488,nan,0.4435564435564436,0.001998001998001998,0.000999000999000999,0.07192807192807193,23.932302035925023,88.84386495573648,33.582843482048226,1027.8528760006002
0.5,0.3,blackman,286173.26833139395,50.87275177511115,0.365704714530628,3.6429312542883348,3.6013428391482583,5.021860959742627,38.8267647655704,0.7911860853215605,3.9406608715384244,7.791347033804542,1.5520822268032253,nan,0.4945054945054945,0.002997002997002997,0.001998001998001998,0.054945054945054944,23.63518335105707,90.16012032920113,33.22629410790109,1072.1078772647215
0.5,0.2,boxcar,373051.24410352216,47.006774208694516,0.6497501007914329,4.225298578929153,3.657277501090486,5.699423722494889,43.311314343228325,1.2601559036966452,4.097371391426511,7.093095990046605,1.579104345066634,nan,0.26173826173826176,0.003996003996003996,0.002997002997002997,0.08691308691308691,28.409946770940753,115.08053787215212,39.321582043260136,1260.2005108094454
0.5,0.2,hann,449981.4234055696,52.77703018818769,0.5414143802176599,3.470370159602919,3.7477505610632686,5.431888735157891,37.178799802471076,1.223245725518571,3.920394081511878,8.467488159969886,1.7532213295804764,nan,0.27472527472527475,0.001998001998001998,0.000999000999000999,0.025974025974025976,30.050741700903146,107.6726639967712,42.172832036973546,1297.2912639016909
0.5,0.2,blackman,490534.85803733265,55.09994011856112,0.5819363688358137,3.25228913070571,3.719190223282007,4.6791749451486355,35.28077931463994,1.3855321773440599,3.871687251334568,8.855019215124072,1.5915209480217987,nan,0.21478521478521478,0.002997002997002997,0.000999000999000999,0.059940059940059943,30.723092047161625,110.33621369422093,43.21286365166043,1352.1252687836381
0.5,0.1,boxcar,717610.3092619366,48.90747105217388,0.6399694814007092,4.19729633501535,3.8122781218297215,4.882903985130644,42.618441073638294,1.2613656220971283,4.136388887759833,7.513915435817671,1.3748707448103181,nan,0.2597402597402597,0.003996003996003996,0.001998001998001998,0.15684315684315683,39.740489281772916,154.01338502474135,54.596229557681305,1695.0922152739474
0.5,0.1,hann,794694.268181665,51.468957855027085,0.5280255827601895,3.582948271041766,3.711212066506124,5.696158029697808,38.246625224311884,1.1596879121157526,3.9345648537925775,8.150831916755688,1.7871876526487314,nan,0.2857142857142857,0.002997002997002997,0.000999000999000999,0.02097902097902098,40.425881624549355,147.9547033108916,57.286250058951175,1783.8525602909956
0.5,0.1,blackman,849829.1552124275,53.671616287995406,0.524995074539238,3.3160767184758777,3.6607415273553725,5.556684247025345,36.221432039280934,1.217499799938099,3.845105351576037,8.489512175122599,1.840904878967559,nan,0.2817182817182817,0.002997002997002997,0.000999000999000999,0.02097902097902098,40.899324204091776,145.39739966912563,57.31527662879344,1823.648744553766
0.3,1,boxcar,168722.47103446585,56.118709745249795,0.9895366131892008,3.1222433726647254,4.265348516815518,2.59542245616604,40.397732405885414,2.0575678523922107,3.246078773293075,8.869044227846448,0.7709608341644211,nan,0.1088911088911089,0.004995004995004995,0.000999000999000999,0.7692307692307693,19.381430959908005,61.52775433032107,25.728946765033694,673.5251406675602
0.3,1,hann,168406.37302484995,57.64614201714875,0.9003109202492291,1.869217211103447,4.374303631523671,3.7551920492764115,36.40588641796904,2.0773046543266713,2.1564403614574705,10.092914668508893,1.23777523431143,nan,0.1028971028971029,0.04495504495504495,0.000999000999000999,0.22377622377622378,20.008032303146305,48.39575859022402,25.819806915822614,741.1964647083504
0.3,1,blackman,161007.083964485,55.7834674903842,0.8307333671141696,2.020261912040364,4.321657537386802,4.134572484520311,38.62573642202321,1.8066089944579777,2.1967477688610706,9.398377008897853,1.284502883573628,nan,0.13886113886113885,0.053946053946053944,0.000999000999000999,0.18181818181818182,19.306610587901186,46.63533841437673,25.20709007467367,733.3380873851164
0.3,0.9,boxcar,167021.3785782507,56.579722058067986,1.0649361676846105,3.283348160075312,4.2252731496071965,2.653710225079993,40.858198033194896,2.1893926406845114,3.375102901286222,8.68670087404859,0.7793912662298054,nan,0.08691308691308691,0.01098901098901099,0.000999000999000999,0.7502497502497503,17.999396862028995,59.88612658742802,25.434780305085372,650.908243449751
0.3,0.9,hann,181171.90951431778,59.59114934772579,0.9831337816712766,2.402127428770025,4.254769129319486,2.381862483048023,36.61393697340586,2.255513732936468,2.7554904046953745,9.76132687185295,0.7806412573806734,nan,0.06893106893106893,0.01898101898101898,0.000999000999000999,0.7592407592407593,18.928900760099044,57.8894592804176,25.9049966064191,690.2906375133051
0.3,0.9,blackman,170848.77540251423,57.912285868225865,0.9652366164801761,2.1642876388450456,4.353319949634141,2.623721831006916,39.17859651398605,2.069494137070243,2.320146429927428,9.33363898420218,0.8036189341505261,nan,0.0939060939060939,0.03996003996003996,0.000999000999000999,0.7222777222777222,18.60391971628076,52.42095287900383,25.747945835148126,697.7721492814785
0.3,0.8,boxcar,185839.29497747938,60.38080562248218,1.5471673907485646,2.940184807988129,4.20060709794174,2.8195073652696427,37.62782254010008,3.4538820492304194,3.2818205678497656,9.377396097025594,0.8991774197717296,nan,0.03196803196803197,0.004995004995004995,0.001998001998001998,0.5864135864135864,18.544619794093297,57.441712690862516,25.221436684341366,612.5350858852878
0.3,0.8,hann,150551.06890286482,52.948377692013025,1.3331395235292476,3.0368594144143195,4.476487027410791,2.530261126300045,44.29193451406172,2.52830952644221,2.8797138080502593,8.489692636548234,0.6855228575749136,nan,0.057942057942057944,0.013986013986013986,0.001998001998001998,0.8331668331668332,22.350493238051538,65.70771701360647,26.236566108071205,690.0471685688831
0.3,0.8,blackman,156499.7485336802,55.15045986670063,1.759638379019507,3.237093242667124,4.618907005602151,2.7530020908685544,42.718859425697424,3.460055484269884,3.182620463650162,9.082363005159902,0.7733358412315174,nan,0.027972027972027972,0.01898101898101898,0.000999000999000999,0.7412587412587412,22.792010697717327,64.61242698200637,26.69630083200371,703.5165652228544
0.3,0.7,boxcar,171890.05437613852,52.07989424182485,0.8817883071782998,2.950798647898573,3.9916671736403813,5.7076673216453155,40.43834719825805,1.8316826214442288,3.064752933746973,8.29163568288062,1.6937390522898075,nan,0.14085914085914086,0.011988011988011988,0.000999000999000999,0.030969030969030968,21.053116280588906,63.17437096229778,28.069604614110045,860.7579569277259
0.3,0.7,hann,163703.04563449873,49.78318104443803,1.010805518382689,2.917781065349804,4.014961586198034,4.713335458157169,42.973724913844364,1.9758041387934726,2.8516681993562125,7.8479762672838405,1.316153663925575,nan,0.0969030969030969,0.023976023976023976,0.000999000999000999,0.14685314685314685,22.68075307337875,63.39077382119417,25.944304358258346,852.195916434283
0.3,0.7,blackman,162825.81498063877,48.680475230774675,1.0903962180854294,2.9780257485571964,4.016750663996006,3.530354889973195,45.79741098465044,1.9999663812846247,2.731095028086268,7.36738275202392,0.9250361050732157,nan,0.10989010989010989,0.014985014985014986,0.000999000999000999,0.5284715284715285,24.211504274516788,63.80682709013879,26.52908863619206,819.4764860013202
0.3,0.6,boxcar,200195.52280489172,56.84389884043338,0.9568571636624871,2.906626820611264,4.17754812421373,3.160798137373643,38.93725861949746,2.0642439811466695,3.135257354880745,9.012294518809203,0.9741203924790648,nan,0.10589410589410589,0.01098901098901099,0.000999000999000999,0.5124875124875125,20.13116272173574,62.675656140082864,27.977334547341382,794.1695848177304
0.3,0.6,hann,167940.41284165878,50.882968591272906,0.9391748667826176,2.9420257154819227,4.0286559569845,5.714879389021223,41.055187231827276,1.9215766418081597,3.0097312515591015,8.242736745439908,1.6703992185204413,nan,0.1038961038961039,0.014985014985014986,0.000999000999000999,0.04395604395604396,20.211445650919043,63.187528757797125,26.044431983028574,824.9037443571159
0.3,0.6,blackman,158799.1885165528,48.76813553964084,1.0550454650507197,3.0486320890358276,4.000360259105272,6.198828365225535,43.474090125984624,2.038543390038419,2.9452611283743293,7.729437483131966,1.7110407639847458,nan,0.12287712287712288,0.015984015984015984,0.000999000999000999,0.04395604395604396,19.718596703494597,62.57587869186386,25.461299016863325,820.2911446944743
0.3,0.5,boxcar,292457.76462851325,57.56015834768351,0.9831569038830112,3.1377449112755467,4.236115768390132,2.7501714108285795,35.676424092721376,2.3148390576235407,3.6939040171478252,9.973917890985254,0.9250382505873384,nan,0.08691308691308691,0.003996003996003996,0.000999000999000999,0.5654345654345654,24.868697579795555,79.80431713596337,33.412195026272705,888.8390653761107
0.3,0.5,hann,227367.1112364921,54.52862587627181,1.2383207769509288,2.47723634846272,4.353709394720622,3.692582159153004,38.391678277660354,2.7094138607742337,2.710064558338835,9.525803652333046,1.1541820492807178,nan,0.04595404595404595,0.01898101898101898,0.000999000999000999,0.26673326673326675,25.425251508638866,68.48771389278079,32.0679113890943,884.4677200934494
0.3,0.5,blackman,182079.30272325806,48.250208861170826,1.1529155294994895,2.714486840341106,4.003910494859183,4.346308276860193,44.826830014094575,2.16042277465319,2.543308265573979,7.502838845897022,1.1634929194396162,nan,0.07492507492507493,0.017982017982017984,0.000999000999000999,0.24775224775224775,24.215843701023914,65.5367525839526,29.084459095249084,860.4242819641138
0.3,0.4,boxcar,362532.3588614058,61.08651737755345,1.076719023305528,2.483754943619588,4.040706914520977,2.7290653417571704,31.84356975318409,2.840271949994572,3.275942629566266,10.65896139944621,1.0284269117727116,nan,0.04395604395604396,0.011988011988011988,0.000999000999000999,0.4245754245754246,26.5551912980518,79.90534725575543,35.30933146740529,961.8371722668762
0.3,0.4,hann,293510.96414402855,54.53947253618537,0.8777995534291285,2.898979640744088,4.162883868919216,4.155148388181025,36.78883866509256,2.0042807863356424,3.309621867101288,9.505117793267376,1.3553507658148534,nan,0.10989010989010989,0.005994005994005994,0.000999000999000999,0.14485514485514486,28.307939845155207,84.6416781585711,34.529986077988156,1020.3455943108346
0.3,0.4,blackman,289896.0115114181,54.46021772632037,1.1314282160069584,3.022069789000568,4.162515392668103,4.355524512492254,36.417953496025795,2.609701013401426,3.485284563062422,9.601069236970643,1.435179331414401,nan,0.06393606393606394,0.007992007992007992,0.000999000999000999,0.11488511488511488,28.74324813858878,83.67567129885794,34.59832949618335,1034.6320851859919
0.3,0.3,boxcar,469088.8202900636,59.75990644704494,0.8487476032420903,2.803066636266419,4.097242495731699,2.8316556674339015,32.46738774491697,2.195889587190376,3.6260631636932663,10.6004330359268,1.0465845997889571,nan,0.09490509490509491,0.001998001998001998,0.000999000999000999,0.3906093906093906,29.945509972470475,94.95303632268428,41.43105029305803,1118.810009891161
0.3,0.3,hann,387245.37312342966,55.73083004317311,0.9249025380267157,2.708388738825872,3.9843835251672206,3.929762089641714,35.43409297999008,2.192572369162019,3.2102508478183283,9.44537274604567,1.3308410378200057,nan,0.07192807192807193,0.007992007992007992,0.000999000999000999,0.13186813186813187,30.913214316393468,94.63235475983325,39.31209491025249,1146.781479271462
0.3,0.3,blackman,329605.77381554013,51.51716439259948,0.9992919314467897,2.8228922395754164,3.844098469943847,4.596825511910674,39.15683043599482,2.1437006342670735,3.0278618760005704,8.246435369765123,1.4087428816051628,nan,0.08391608391608392,0.008991008991008992,0.000999000999000999,0.1068931068931069,31.26899715622653,89.8762275702569,37.426864696615276,1156.7213143714687
0.3,0.2,boxcar,660243.2273162783,58.20243227311735,0.8684011789754544,2.896232043781492,3.8788176692185026,3.537652593885062,32.923176047593245,2.2156337204068337,3.694714800995481,9.896392855396234,1.2894208950331225,nan,0.0979020979020979,0.001998001998001998,0.002997002997002997,0.17682317682317683,36.24526716662961,116.83943287126661,49.31970160103453,1394.708893310507
0.3,0.2,hann,581164.683333556,55.19757951185865,0.6469620184008661,2.5624389868905397,4.048444047093936,4.449531587677526,34.05851862418036,1.5956304543172304,3.1599271429554925,9.984852944087043,1.5677246459633793,nan,0.18081918081918083,0.00999000999000999,0.000999000999000999,0.04995004995004995,40.797787368164215,112.79825300013209,48.26979583275115,1500.4868439791458
0.3,0.2,blackman,594844.1112480322,56.075871751318076,1.1504912128252809,2.5311499694257,3.91161017813316,4.323471022568309,33.6690566037901,2.870328771446622,3.157448097429388,9.75896826661303,1.5409297884806026,nan,0.03296703296703297,0.007992007992007992,0.000999000999000999,0.06393606393606394,42.70478923925523,112.41992393069833,48.4809570060467,1496.4203845855222
0.3,0.1,boxcar,1475564.5202874874,60.9701276117413,0.8044197073569168,2.6713971417742735,3.9898811206087723,2.9389701672523976,30.18563292810434,2.2385237234853137,3.716956348795221,11.102964609998136,1.1683585396744431,nan,0.09490509490509491,0.002997002997002997,0.000999000999000999,0.2547452547452547,51.08161183526126,163.98875883944476,71.44666881384414,1918.0322362724223
0.3,0.1,hann,1252999.8880653142,57.54516842045465,0.8623235959547677,2.459830245162618,3.9029368688829162,4.210116650015119,32.429647086730675,2.2336099392780313,3.1857537647735534,10.109474707182702,1.5578769533034298,nan,0.06493506493506493,0.006993006993006993,0.000999000999000999,0.057942057942057944,58.71962543532913,160.56533535676164,69.23349243652675,2099.9506496664026
0.3,0.1,blackman,1139530.755966453,55.662096849732265,1.3138943857442937,2.5614483516894477,3.908122396939816,4.674049125727509,34.755409028623966,3.1755381820315853,3.0953694339305597,9.445501880659117,1.6138089315115385,nan,0.024975024975024976,0.003996003996003996,0.000999000999000999,0.030969030969030968,63.07183774593296,159.11686908717675,67.91493950489658,2124.419033787094
0.25,1,boxcar,217683.6452077648,61.73993837409145,2.652900238559036,2.6296425975061495,3.780761882771444,2.6560880895738417,31.968425686606988,6.9707411376318795,3.4548147656056973,9.934302091261614,0.9970167873558804,nan,0.001998001998001998,0.006993006993006993,0.000999000999000999,0.4255744255744256,27.054806191319454,65.41147150776851,27.797541122684873,794.9005666194164
0.25,1,hann,124615.11341761764,47.68771751121217,4.066187099354344,2.915310952893762,4.281623819361093,3.323775380831052,45.895575008168095,7.44210561225079,2.667861988868135,7.836406903330513,0.8690446641723997,nan,0.000999000999000999,0.01998001998001998,0.001998001998001998,0.6023976023976024,31.63256512134831,66.9072570397702,27.53585094334886,814.8632156210131
0.25,1,blackman,65894.67131249675,32.995249781143954,4.739557359846815,3.8657568706981436,4.322279360447736,3.963926127027493,60.45497912157744,6.585442986035794,2.6856644552437245,6.005650345978255,0.7868187900399485,nan,0.000999000999000999,0.00999000999000999,0.001998001998001998,0.7092907092907093,31.62511075602095,66.60390533409073,27.250913736137083,825.505949508067
0.25,0.9,boxcar,154501.90753003632,53.43925087965693,1.0253612023384222,2.792760218957497,4.06720820599749,3.25177316895449,40.91219286228656,2.1052487038851355,2.867016431777235,8.350700986715449,0.9537811419398212,nan,0.08691308691308691,0.013986013986013986,0.000999000999000999,0.46053946053946054,20.52932302396789,57.08448383923541,25.07401011475869,710.4386964559538
0.25,0.9,hann,146589.04523882674,51.76445810842543,1.8302859733073922,2.714108168108632,3.858138376136372,2.853246496760806,43.59421416157689,3.5267070347451748,2.6148548667046136,7.434097157808073,0.7854014258458003,nan,0.02097902097902098,0.02197802197802198,0.000999000999000999,0.7082917082917083,22.89795156658585,58.127210305867806,24.693097721302383,673.4405863223109
0.25,0.9,blackman,139627.44443388956,49.883354894826546,5.055387421004267,2.7117510946998302,3.0723159060347527,3.4191764921512284,45.94604611540751,9.242417558579774,2.4788541258003898,5.616904128348418,0.8930065016422759,nan,0.000999000999000999,0.013986013986013986,0.001998001998001998,0.5584415584415584,29.982326280098807,58.827427627149355,28.047341699316515,752.5042038851068
0.25,0.8,boxcar,142960.63428770416,51.869789901819395,0.9016173929307401,3.0459865666762056,3.738518076675384,6.494893853230516,42.307707791404894,1.7901196959096048,3.0238328304420876,7.422654992065788,1.8421874005331946,nan,0.15084915084915085,0.005994005994005994,0.000999000999000999,0.02197802197802198,20.363636606963095,57.90198270744932,23.856542367787714,819.2158296444939
0.25,0.8,hann,135430.27717656697,49.73249464376518,0.940941319586812,3.0232231564205803,3.904587675607237,6.089348075960848,41.736384464217274,1.8937689946060474,3.0423184518660644,7.858499699038531,1.7508027551878307,nan,0.11188811188811189,0.015984015984015984,0.001998001998001998,0.03996003996003996,17.775691702414857,55.69953618607167,22.898334716650933,732.5398306409652
0.25,0.8,blackman,134567.24431141885,49.58093342923332,0.9127188973697464,3.044026231108617,3.928641101811066,6.051417567195744,41.817865157925304,1.8333883637895023,3.057284278471399,7.891504057078508,1.7365068860428567,nan,0.14885114885114886,0.00999000999000999,0.000999000999000999,0.01898101898101898,17.78570031964839,55.76955815390281,22.812344210748176,731.9597411946272
0.25,0.7,boxcar,266110.485787196,61.45901808188216,0.655055004939687,2.272058086925998,4.168806593983352,2.49652727804529,31.744121376339862,1.7333798520549293,3.0061137468437535,11.031326075876342,0.9437441024552216,nan,0.14485514485514486,0.013986013986013986,0.000999000999000999,0.5064935064935064,22.813838990530915,62.625755377957816,30.171352358326036,794.592148926825
0.25,0.7,hann,218056.49160118127,58.14995064936751,1.5385667599138322,2.2777572945667544,4.104378204654898,4.909512299727488,33.57530646783502,3.8492458127395746,2.849290637553854,10.268492099135335,1.7546868158350042,nan,0.01098901098901099,0.014985014985014986,0.000999000999000999,0.024975024975024976,29.696614272570063,66.5682475712053,30.18995874536425,940.5824376658252
0.25,0.7,blackman,181155.1273360636,54.84545250411975,2.661182750669957,2.386562849756033,4.01583776769901,5.721767215704636,38.295644895969964,5.8372003308344995,2.617416156903567,8.808583153595508,1.792924672635065,nan,0.002997002997002997,0.022977022977022976,0.000999000999000999,0.017982017982017984,31.339115279130265,67.81785264139327,29.419655596559952,970.2110808949262
0.25,0.6,boxcar,252093.7331853436,56.54674681629288,2.424572775866605,3.2652935453306315,3.5685856819712063,3.447628472835614,37.39517973200803,5.446266460874115,3.667379857155785,8.016038415480692,1.1063335427324021,nan,0.003996003996003996,0.005994005994005994,0.000999000999000999,0.3386613386613387,31.316464036420715,79.21795118123575,31.388270311341614,989.7514312938489
0.25,0.6,hann,183809.2429923704,49.42062307159631,2.6653605938444858,2.3028726690750236,3.8347975014147884,3.4997877364919874,42.75811179810366,5.236206194981379,2.2620421724385076,7.533611204345288,0.9822101835602209,nan,0.000999000999000999,0.028971028971028972,0.000999000999000999,0.43156843156843155,32.5925450494392,69.77991106013076,29.410312764794316,931.970179273156
0.25,0.6,blackman,159707.45559439991,45.91427200339012,2.5101494775382656,2.5713854084957166,3.8523850995827744,3.951114614888879,45.12618316899491,4.672510310113839,2.3932488762094772,7.171010833180567,1.0506843710026668,nan,0.001998001998001998,0.013986013986013986,0.000999000999000999,0.34465534465534464,31.7652061086655,68.3422980341553,28.713862004369485,933.9786556552905
0.25,0.5,boxcar,362948.37560680835,61.612523470729144,1.6719602748292466,2.403530550577303,3.7791630961260028,2.6668008302306414,29.75563556275097,4.719934910799543,3.3925769426554244,10.668557201714677,1.0754806394667737,nan,0.004995004995004995,0.003996003996003996,0.000999000999000999,0.34565434565434566,31.765752120209303,81.4736938866195,35.68174592166912,1021.3973440890173
0.25,0.5,hann,236118.19087780913,50.79269771742842,2.4419607915873347,2.9033515259150344,3.938106690270328,4.3887555761875685,39.19621490409911,5.233278442707087,3.1110341747738244,8.439614967722628,1.343626343592252,nan,0.002997002997002997,0.008991008991008992,0.000999000999000999,0.11488511488511488,35.34650639836786,82.62845897241061,33.90074879948077,1066.91354940902
0.25,0.5,blackman,163633.43098548034,42.144047108730774,2.723267466461424,3.537830411374022,4.0734579023011115,5.774676512032135,46.906666957518425,4.876800719819504,3.1677560337484683,7.294708534784277,1.4773191667432788,nan,0.005994005994005994,0.006993006993006993,0.000999000999000999,0.057942057942057944,35.425227003289265,82.0725504334354,33.5403722920513,1073.8484563983727
0.25,0.4,boxcar,370042.63722192345,57.61583550102196,0.7292751266993193,2.8295477719007653,3.885856880640469,3.7885567756082725,34.03484488631335,1.7998939277486565,3.4917452045630575,9.590523449250728,1.3357687234702655,nan,0.14385614385614387,0.006993006993006993,0.000999000999000999,0.14285714285714285,28.17120932764522,86.88401569915236,36.089313891605045,1062.4218414896618
0.25,0.4,hann,333067.8668660797,57.20057443917671,1.3632582701072564,2.19545952663582,3.895311314757005,4.676600978080922,32.596168213020945,3.5131029494216937,2.8288386388271944,10.038178361985562,1.7216505747001742,nan,0.011988011988011988,0.007992007992007992,0.000999000999000999,0.022977022977022976,34.25297959222495,81.16876330768858,36.82769979140644,1134.7733857920114
0.25,0.4,blackman,246741.01091861844,50.49860481417069,2.212725572669499,2.408531361664352,3.9055019649629514,5.465737204005451,39.788810202527294,4.6713874367731645,2.542381053240879,8.245086077895591,1.6484244216958097,nan,0.003996003996003996,0.017982017982017984,0.000999000999000999,0.027972027972027972,35.740709326247845,82.45152778282784,36.835757525150534,1186.8574271836978
0.25,0.3,boxcar,516942.2445253591,59.15675021711751,1.451915426909311,2.8768843315803885,3.787966649191421,3.062809815740954,32.82431712125845,3.7155653660619476,3.6810862349401963,9.693703523416369,1.1197100507260256,nan,0.012987012987012988,0.006993006993006993,0.000999000999000999,0.33966033966033965,37.94996968993057,103.55538697033553,43.225975435079135,1268.1673922029518
0.25,0.3,hann,418298.413099018,54.344678209582355,1.942582128423646,2.3061990910787626,3.9623555395034726,3.847972498849627,37.24198195996519,4.3815310088222486,2.600837998617584,8.937168426645218,1.2398821855355058,nan,0.004995004995004995,0.015984015984015984,0.000999000999000999,0.18981018981018982,41.95791737361517,95.6414086017762,41.757571575123286,1293.0863321556142
0.25,0.3,blackman,370292.9057937412,52.49695969049672,3.4116510891254053,2.5374825115338755,3.757504858018473,4.547657459711563,40.02164799294428,7.16059197604899,2.6629154677291536,7.886492033741253,1.3635592798717246,nan,0.000999000999000999,0.00999000999000999,0.001998001998001998,0.10589410589410589,46.30090328084423,94.77457718994066,43.39673231057396,1340.2479395665825
0.25,0.2,boxcar,757045.0162224481,59.353956374346716,1.2830154567469103,2.6811729264929793,3.7838534466595597,3.3886879412421473,32.00414942222612,3.367478914840164,3.518583213291108,9.931327507759608,1.2705932208485882,nan,0.028971028971028972,0.007992007992007992,0.000999000999000999,0.2017982017982018,44.22703625867205,121.41318848580232,51.552594008232184,1539.3820449371415
0.25,0.2,hann,607273.6930601734,54.5606091027247,1.6996602300029597,2.3665206200482944,3.8666918109695905,4.348622935079936,35.84124470846821,3.983440320824461,2.773170040563479,9.06224420394375,1.4559615784947846,nan,0.004995004995004995,0.014985014985014986,0.000999000999000999,0.058941058941058944,49.788566411128905,118.07380739803195,50.63567280751687,1583.4889445702988
0.25,0.2,blackman,493160.4907984481,50.24117602293882,2.113175468471144,2.6285337698263684,3.9335455959083223,5.025813543128599,40.13252231414365,4.423014779936186,2.7508467439087547,8.233168786898101,1.5027653145112339,nan,0.00999000999000999,0.012987012987012988,0.000999000999000999,0.053946053946053944,50.74623307346996,118.52794705283321,50.30916482466339,1619.9072209145215
0.25,0.1,boxcar,1501931.8320697527,60.09552443977626,0.956345205020617,2.56359122898873,3.8395491862155415,3.388642151701947,31.073829199028573,2.5852300566884496,3.465000432611397,10.379220712592065,1.3086158632066687,nan,0.04195804195804196,0.007992007992007992,0.000999000999000999,0.15684315684315683,57.7036171054632,164.89079329300483,73.20440349230547,2103.875974466439
0.25,0.1,hann,1197872.0805594325,54.9839381146683,1.5936315281173008,2.4263101116395926,3.828083942573457,4.323504054028975,35.43997304934806,3.777233356680439,2.875426133845141,9.073343558371741,1.4639415378816745,nan,0.015984015984015984,0.00999000999000999,0.000999000999000999,0.06593406593406594,67.29152176996594,162.84305965064942,69.71908090356509,2196.5452576234525
0.25,0.1,blackman,1039042.0181662256,52.37699920287613,2.3417274653856066,2.526298399211515,3.7876300869657284,4.677820779194015,38.502883574034655,5.108840918736895,2.755755489400222,8.263301284781711,1.4579128662504486,nan,0.000999000999000999,0.01098901098901099,0.000999000999000999,0.054945054945054944,71.40378966969955,162.26613342588456,70.63306947682645,2240.4981536560354
0.2,1,boxcar,215164.4514165802,63.24505239386168,0.9211852393813583,2.1942342118337397,3.476970866526522,4.558156390940051,29.926372299727156,2.5856645547626096,3.0794857450148507,9.75947067232371,1.8277483198917268,nan,0.04695304695304695,0.006993006993006993,0.000999000999000999,0.011988011988011988,20.774479831489,54.847801681317804,24.776379424079355,752.3466392984402
0.2,1,hann,107185.40808044942,45.9470758326879,3.281242368539536,2.9000435729352243,3.832610178048797,6.2014317809719355,43.18719804640992,6.382084771073339,2.8203225856974674,7.454506648246452,1.7231305742894663,nan,0.000999000999000999,0.01098901098901099,0.000999000999000999,0.02197802197802198,25.896288837944798,57.55843141353982,21.961943720877688,786.8301636477652
0.2,1,blackman,105354.36096285515,44.95266111859581,3.189910067217988,2.5731159137891297,4.06267473254245,6.576149347217558,44.030184789377316,6.085653442702721,2.454472287502562,7.750698280419187,1.792265750055389,nan,0.000999000999000999,0.022977022977022976,0.000999000999000999,0.011988011988011988,27.12537392515873,60.98397518209457,22.86913697078737,822.2879968322418
0.2,0.9,boxcar,228847.53786894394,64.57216494702679,0.8921255783324549,2.1454269642925734,4.5200503290700444,2.7070972979211683,28.911033312439876,2.592039785298215,3.116731647966257,13.132848748042248,1.1236252687335204,nan,0.055944055944055944,0.012987012987012988,0.000999000999000999,0.3146853146853147,17.915567676756464,53.59211484869749,27.762562296272453,665.4141239063714
0.2,0.9,hann,175348.1231838192,58.71708479512011,2.0122492526189073,2.0495177882941813,3.6654388020537976,4.074128462494782,33.89062042585271,4.987484297898785,2.539928334941062,9.085016901539127,1.4425685023058203,nan,0.001998001998001998,0.02197802197802198,0.000999000999000999,0.07192807192807193,29.46377347793901,61.313701083446546,26.338778361240674,862.6294278465908
0.2,0.9,blackman,131816.70683928594,51.07198234233557,2.381949790931934,2.5034669815191113,3.3170046624317933,4.862984383252088,41.34336077063348,4.839562597446203,2.5432284957948665,6.739374507797214,1.411491748887421,nan,0.002997002997002997,0.017982017982017984,0.000999000999000999,0.08191808191808192,30.898591714235653,63.21709433792311,26.425088042565807,877.6271985474535
0.2,0.8,boxcar,222221.17443841186,60.495974050305634,0.840709769948483,2.1795402502702546,3.5597772900484346,3.5240533433145025,32.64188635208292,2.1634662872713,2.8043933957728933,9.160662136334762,1.295532974523561,nan,0.06993006993006994,0.007992007992007992,0.000999000999000999,0.12387612387612387,23.461904902211845,57.851051225267284,27.06117187139883,818.4952801109133
0.2,0.8,hann,129619.97747241345,46.7733511166507,2.9821383280479763,2.569016871415928,3.7716490062578205,3.5535784884776316,44.57452910878026,5.6197928405414554,2.4206359720851243,7.107613313255399,0.9566661210859948,nan,0.001998001998001998,0.02097902097902098,0.001998001998001998,0.5194805194805194,27.52247091391553,59.323022961065504,24.397999848179698,786.9645501116211
0.2,0.8,blackman,124755.36818186162,45.28009920194149,2.880820532768855,2.29622134406277,3.9235936904819515,4.137737071156509,45.29402392018967,5.342623679869564,2.1292278341304076,7.276497901383715,1.0962339080618866,nan,0.000999000999000999,0.03696303696303696,0.000999000999000999,0.2677322677322677,28.72952748502151,62.38295844196623,25.298724965267954,829.2084329061867
0.2,0.7,boxcar,195331.9627288074,54.307797347191524,0.675549210190658,3.1022917207672203,3.969922682725744,4.470920590775044,36.95948675973389,1.5353604346540402,3.525380455612187,9.022676843886007,1.4516177521098996,nan,0.1918081918081918,0.005994005994005994,0.000999000999000999,0.0959040959040959,20.368667647765985,64.71086293631814,26.786526329381076,801.8895942126131
0.2,0.7,hann,161534.63096940098,51.59101578045436,1.815250967922645,3.262833535712785,4.141613364318509,5.585919182011737,39.59735974862413,3.850789099917208,3.4608117654788493,8.785826247287686,1.692815647550086,nan,0.013986013986013986,0.002997002997002997,0.000999000999000999,0.04695304695304695,25.753611500550452,70.46814966105016,29.098716041475708,901.2460703126756
0.2,0.7,blackman,179666.77493724573,55.77244775779403,2.063749881373726,2.5330756783410524,4.033646080215041,4.564531093447397,36.355813503074565,4.7682880214118315,2.9263319463701998,9.319727385811607,1.5066193778537391,nan,0.003996003996003996,0.005994005994005994,0.000999000999000999,0.061938061938061936,26.613984521667685,67.00515877652138,28.597107763158476,894.5338210643129
0.2,0.6,boxcar,259514.25709743937,60.06190495062314,1.0574194575580635,2.3416286475836348,4.130809243633723,3.283624505197607,32.01898706281489,2.77408008756254,3.071565099969361,10.83694421014979,1.2306290010071046,nan,0.04495504495504495,0.005994005994005994,0.000999000999000999,0.1978021978021978,22.154222149215403,65.40105638423691,29.850535751850995,821.909079831558
0.2,0.6,hann,220004.12469888266,54.65428505466499,1.6320092704198548,2.0796833496956055,3.630977671033879,3.591010250669398,40.85460667714017,3.355528050940082,2.1379890247747633,7.465550379108338,1.0547677853950457,nan,0.022977022977022976,0.052947052947052944,0.000999000999000999,0.37462537462537465,28.968504763164393,67.45805105573949,28.70379755066835,912.5441741607209
0.2,0.6,blackman,201842.8231683255,52.06741720166678,1.458911219367443,2.3025560271618004,3.4833204401402544,3.7899649171901006,43.45059534224602,2.82041112352065,2.2256853416866598,6.7340600207448515,1.0466963374852187,nan,0.03596403596403597,0.030969030969030968,0.000999000999000999,0.35664335664335667,30.310421471276566,69.97040914607177,29.61328830553623,929.9711794472092
0.2,0.5,boxcar,324388.35580843367,58.19216211829955,0.9952162789256399,2.5222808420287524,3.7517645873310475,3.981944701566087,35.54319870339191,2.3520158702479392,2.9804800701603167,8.866625313206073,1.3443735556145386,nan,0.05194805194805195,0.012987012987012988,0.000999000999000999,0.12387612387612387,27.548211236469985,75.08117789251828,33.249011104522864,979.9565909684231
0.2,0.5,hann,210314.11927310933,49.13472556169476,3.0486559445649495,2.3109941980940354,3.998074696507907,4.629467931997379,43.15355140797044,5.934322691600225,2.249218271801895,7.782401761831243,1.287347469012894,nan,0.000999000999000999,0.023976023976023976,0.000999000999000999,0.15784215784215785,34.85381170576306,73.00721420524744,31.575107558743586,1058.9399706219194
0.2,0.5,blackman,210245.4204255727,49.232694032020305,3.118624608144863,2.141496175553947,3.862398003369531,4.815539400008065,43.378633392506,6.039020748159966,2.0734364441458895,7.479291229563963,1.3321413857652753,nan,0.000999000999000999,0.03196803196803197,0.001998001998001998,0.12087912087912088,35.89678495956464,75.60390872924647,31.52382412656787,1079.7773515887923
0.2,0.4,boxcar,420963.01111271454,61.10352538137851,0.8662594841127043,2.2397911212124417,3.918190859482571,3.987880531527266,31.575898137791512,2.304472745254319,2.979209860647913,10.423394158426806,1.5155409410525238,nan,0.06593406593406594,0.008991008991008992,0.000999000999000999,0.058941058941058944,29.60237335466191,78.53350840473452,37.33393050571079,1094.3599772212121
0.2,0.4,hann,299305.4504259141,52.490817737313876,2.464280853102177,2.3293162000631513,3.705739877560816,3.9940320824557443,39.664725299405205,5.2187325160597275,2.46645551341104,7.8478332413858,1.208337751684559,nan,0.002997002997002997,0.017982017982017984,0.000999000999000999,0.21678321678321677,39.34787191012452,86.00655951625632,35.60907227834882,1169.5200871797474
0.2,0.4,blackman,298655.4484204779,52.57849504656288,2.264109993522558,2.3128622777328287,3.7095295969530073,4.194596077609472,39.710010747300174,4.789352505245174,2.4462399741703225,7.84690007078978,1.2675683532706141,nan,0.004995004995004995,0.017982017982017984,0.000999000999000999,0.15084915084915085,41.261843159650944,88.01185601871641,36.42487145128013,1194.5300707769966
0.2,0.3,boxcar,553017.4207635246,61.037300036130695,1.146691849019194,2.351689730503531,3.8616712838178664,3.6019003349828047,30.603909091065034,3.1473794746610984,3.227397140255687,10.59931222758093,1.4123295129122173,nan,0.024975024975024976,0.00999000999000999,0.000999000999000999,0.0919080919080919,33.06373370071145,93.98815394105695,42.42036676514625,1191.8279221133587
0.2,0.3,hann,403286.0307855523,53.61294444439324,2.031389943858116,2.1302269972199044,3.8529637324496657,4.1782763464152755,39.376190006160314,4.333500911525112,2.272173459881179,8.219407552511752,1.2733409745620166,nan,0.005994005994005994,0.025974025974025976,0.000999000999000999,0.17182817182817184,43.525871615012186,94.61486066962273,40.815828123598926,1319.6789306359253
0.2,0.3,blackman,368474.48881950317,51.61536883646921,2.24158807250153,2.3317087436700286,3.7228096730409908,4.365485387205236,41.894626398111036,4.49445225506578,2.33757347072456,7.464346610083224,1.2504187088018723,nan,0.004995004995004995,0.023976023976023976,0.000999000999000999,0.17082917082917082,45.564732100086026,96.56879520637686,41.247187774711286,1349.7710956104713
0.2,0.2,boxcar,847552.7813379532,62.13345833980476,1.2433892987162916,2.211350716215227,3.8769902023636234,3.036114055869997,30.06466963089917,3.47400129036591,3.0892316869361123,10.83222203991351,1.2118333285457201,nan,0.017982017982017984,0.007992007992007992,0.000999000999000999,0.22977022977022976,43.152848626451146,113.34866912103374,52.089813753339776,1484.815268062467
0.2,0.2,hann,496879.9585853009,48.41169486406369,2.650062097524921,2.5712722452076022,3.880994163004848,4.232772093630613,43.09410837118262,5.165560319167695,2.5059906882987137,7.564920635657202,1.178659149554031,nan,0.003996003996003996,0.027972027972027972,0.000999000999000999,0.1958041958041958,53.7924891768558,119.97466388139102,50.00189108291864,1605.326935685728
0.2,0.2,blackman,539067.5717690903,51.28644121706196,2.6333555188117073,2.31499620692113,3.8046420989689875,4.2507742905693116,40.84391038783559,5.415785645393621,2.3805223292147146,7.824665495509885,1.2488836402408636,nan,0.000999000999000999,0.022977022977022976,0.000999000999000999,0.17282717282717283,55.775792489521685,120.28615109203824,50.04035629395178,1633.9834482223496
0.2,0.1,boxcar,1529235.6719272283,60.129475495562815,1.3297098646787155,2.3493755797172393,3.8614250216283925,3.3966079878632245,31.9599610705545,3.4948612229668843,3.0874184774597437,10.148939202420543,1.2753237015645569,nan,0.012987012987012988,0.006993006993006993,0.000999000999000999,0.16083916083916083,61.84562695566391,160.3125178205342,72.71201806458758,2116.328867753413
0.2,0.1,hann,1032018.3573002453,50.24433236089351,2.4266732333990686,2.512762123459593,3.875931899966803,4.417245244853948,40.9808620393208,4.974042552104893,2.5752510790046825,7.944642044982405,1.2934560255806153,nan,0.005994005994005994,0.013986013986013986,0.000999000999000999,0.16283716283716285,73.43331595610779,164.79015372309544,69.49548980964879,2239.113482725845
0.2,0.1,blackman,1073261.452286234,52.01240018658484,2.6363520885505314,2.369245367305257,3.6803376793941056,4.55201681833832,40.37258205160761,5.485246773544584,2.464749599112114,7.657384030427521,1.3530024349256289,nan,0.000999000999000999,0.024975024975024976,0.000999000999000999,0.0999000999000999,76.05254065591464,166.248962579076,69.21976280759664,2282.3765834031087
0.1,1,boxcar,140587.43076769784,52.93411834926198,3.0105480860170495,2.385621638709758,3.329643890726582,3.870522647723821,38.2672636546046,6.608417092686559,2.618324365446326,7.308860370719989,1.213733811539386,nan,0.000999000999000999,0.016983016983016984,0.000999000999000999,0.18181818181818182,26.96964408197145,54.43146799923994,23.816294546690866,761.4154083983938
0.1,1,hann,96895.17007523731,44.261997376453664,3.7797107576868694,2.462089012613531,3.870951057516403,4.503687532971813,46.82505178424684,6.7804666849831605,2.2083849262192876,6.944143710285656,1.1541738521652554,nan,0.000999000999000999,0.023976023976023976,0.000999000999000999,0.23076923076923078,30.660752300684916,56.54304939827317,23.194723715539762,781.8284068449279
0.1,1,blackman,102697.85057849695,45.30427122333313,4.590010166090132,2.564759258427861,3.9110550469325323,4.156923527896174,46.905333340871174,8.219978976582839,2.296538179808818,7.004078226133569,1.0634842305083512,nan,0.000999000999000999,0.015984015984015984,0.000999000999000999,0.31868131868131866,31.14154496850305,57.42281560447219,23.601192188563825,794.3560707399587
0.1,0.9,boxcar,220278.6069847234,63.404125975708084,3.042604923798656,1.7085020251131293,3.1228942449889185,2.350462571689032,28.71541432258849,8.900404874118093,2.4989047432376745,9.135271865909216,0.9822442588989904,nan,0.000999000999000999,0.012987012987012988,0.000999000999000999,0.4885114885114885,27.769343747015302,52.14061060218742,24.343939681548537,746.5228276252092
0.1,0.9,hann,103143.0859818113,43.27814149339233,5.357444747117972,2.389300710539301,3.8600864789627183,3.407357192773228,44.65270403319461,10.078345052146515,2.2473584078592523,7.261537039096768,0.9156956381159487,nan,0.000999000999000999,0.025974025974025976,0.000999000999000999,0.5824175824175825,34.83394731824575,59.37904533339196,25.29062696741283,855.9614934970762
0.1,0.9,blackman,109841.55446692221,44.83829318682345,7.0202493708473686,2.2544572754161734,3.648601404742645,2.7600932745052096,44.06278694497756,13.383196752569354,2.148915493831969,6.955586317794548,0.7516800817756214,nan,0.000999000999000999,0.028971028971028972,0.000999000999000999,0.8441558441558441,36.35448558058034,60.71749540345084,25.32946113131453,892.9514113204967
0.1,0.8,boxcar,177278.3850773592,55.68844850152328,2.6982053894029705,1.7574781759880087,3.5731786332577973,5.3008757107170315,34.58076302777518,6.554200453234806,2.134541777814708,8.679594633368202,1.8394767193977928,nan,0.000999000999000999,0.023976023976023976,0.000999000999000999,0.004995004995004995,26.130035376623237,52.74576868120927,24.766238206609128,828.3134867043971
0.1,0.8,hann,130929.88603540752,48.017714310402376,4.053992977225896,2.409545502964129,3.9603784243249325,3.901761058815372,39.962855053644866,8.521298331409287,2.5323744008941436,8.324525041985272,1.1716163082675966,nan,0.000999000999000999,0.01098901098901099,0.000999000999000999,0.24875124875124874,33.12065818377129,60.684791389031005,25.652596393729542,878.814682260548
0.1,0.8,blackman,118073.10188314704,44.91636378838093,4.283893556044239,2.199080757759714,3.898291057187647,4.152914347268085,44.43484956039278,8.098307123075477,2.0785800501108205,7.369361031788937,1.1215289949273886,nan,0.000999000999000999,0.030969030969030968,0.000999000999000999,0.2967032967032967,34.270721841032234,62.88016496581332,25.476096134375272,899.668919147901
0.1,0.7,boxcar,214088.53783664343,58.2100819769917,3.166338713212946,2.044397188908975,3.5098376574756687,3.8755194706332166,34.62300085504093,7.681958390130798,2.479989596906228,8.51533246532647,1.3432178753745296,nan,0.000999000999000999,0.011988011988011988,0.000999000999000999,0.0969030969030969,32.965751923458924,57.82984292333148,26.23016245866423,854.4651764319036
0.1,0.7,hann,123369.66776412855,45.355837383576244,3.3623816947817184,2.261628474426346,4.0399114217739704,6.547642506377247,44.06546477967392,6.409555958931938,2.1556199713504864,7.7011001954879355,1.7830677713121448,nan,0.000999000999000999,0.028971028971028972,0.000999000999000999,0.003996003996003996,30.73125860142632,60.67822243280091,26.74521989402103,906.2148705894049
0.1,0.7,blackman,99562.18651034284,39.415065560157544,3.8780330044164137,2.2966073452643507,4.5624013860330335,6.617612429046464,47.864698101788974,6.8057417113177925,2.015211885301697,8.006771830290745,1.6590797037867355,nan,0.000999000999000999,0.03596403596403597,0.000999000999000999,0.016983016983016984,31.312809725850553,59.848058156312845,27.086294346607513,921.8070027128251
0.1,0.6,boxcar,208549.95971827506,52.01275580102455,4.33357468457299,2.4079912893232023,3.630998536531603,4.1464327532515055,40.622309834136665,8.96109243887036,2.4896573967486675,7.508284937858133,1.2248735545117864,nan,0.000999000999000999,0.015984015984015984,0.000999000999000999,0.17282717282717283,38.952471729148314,67.85587789782385,29.48318392227014,967.2016263688029
0.1,0.6,hann,149591.534382019,44.11068155661611,4.9703761301959,2.6103911156244815,4.034286771995152,4.035031797096077,45.66437233616765,9.143049024365393,2.4009182924735537,7.421104714915545,1.0603535992720179,nan,0.000999000999000999,0.024975024975024976,0.000999000999000999,0.4085914085914086,38.867690981848845,72.04414983709603,28.884395546658542,977.2244076556343
0.1,0.6,blackman,150724.3041743233,43.85468525271081,5.223607289953422,2.713479602922146,3.8103826098374545,3.6801101803659386,46.4644312623183,9.443417264248996,2.452760966325533,6.888540987822617,0.9504328572338555,nan,0.000999000999000999,0.015984015984015984,0.001998001998001998,0.5174825174825175,38.98949440625028,71.72131813345803,28.180915494429485,992.9665483226684
0.1,0.5,boxcar,260002.73608089754,53.51012715826177,3.5820051996710385,2.108015392109689,3.3440370557135948,3.9777616499485484,36.621972526966154,8.216063090288532,2.417582679453272,7.670234378366847,1.3034016604167038,nan,0.000999000999000999,0.01898101898101898,0.000999000999000999,0.11588411588411589,39.16333614824436,73.99901581666731,32.22181096759527,1115.4464758423633
0.1,0.5,hann,204292.8398677476,47.8265163685701,4.601313394162082,2.3752905614218256,3.6824392964887065,4.099243154508883,41.1366427715947,9.395767351644567,2.4251420839963047,7.519449329458737,1.1957932038166585,nan,0.000999000999000999,0.01998001998001998,0.000999000999000999,0.18681318681318682,43.95111587578638,78.12211083953314,32.25932826288932,1143.4180290599872
0.1,0.5,blackman,206452.94953583792,48.024977468286025,4.988152147840711,2.4706499421370665,3.656163037024598,3.7129572964962088,41.709389203870735,10.045814345795671,2.487864232740357,7.363274815867238,1.068236394931903,nan,0.000999000999000999,0.007992007992007992,0.000999000999000999,0.3276723276723277,45.4841454873906,79.50264388681934,32.99935818650427,1147.5855382468674
0.1,0.4,boxcar,331852.8539917011,55.102382478478354,3.490527696102734,2.0735704704465747,3.4356474974853204,4.0687216347307205,37.21705081991887,7.878225706043972,2.3400553735478926,7.754359451671245,1.3118895382929507,nan,0.000999000999000999,0.015984015984015984,0.000999000999000999,0.10789210789210789,45.056893234878316,78.86272744558853,35.684458123628026,1199.1976299835992
0.1,0.4,hann,271204.3826440386,49.71410794432353,4.686078063971554,2.2792313229239953,3.7078234930440703,3.0188344348678804,39.71207876145558,9.912111620700829,2.410544059852158,7.8428826475334565,0.9122164930226572,nan,0.000999000999000999,0.016983016983016984,0.000999000999000999,0.5834165834165834,46.555406417141334,84.98985541200432,35.65549416694802,1220.2154761548227
0.1,0.4,blackman,232426.45983234787,46.5833642023615,5.012135672739136,2.336968612770942,3.7651276938245477,3.7577031677694537,44.51353263462246,9.458233745811944,2.2050076892804675,7.105046657996939,1.0130051547102041,nan,0.000999000999000999,0.024975024975024976,0.000999000999000999,0.4025974025974026,46.91505223601755,86.11675462311536,35.013016552450765,1216.6111716758537
0.1,0.3,boxcar,517144.3110034294,59.146636235883776,2.8676388007995595,1.9751433639070546,3.4100519951265125,3.0830021623682704,32.49852813882282,7.412079040570616,2.5526085652167376,8.81407202095531,1.1383908154358444,nan,0.000999000999000999,0.013986013986013986,0.000999000999000999,0.26573426573426573,48.50771490355448,89.03821647594881,40.86714937654512,1277.8500354634043
0.1,0.3,hann,311152.41372735426,46.13186976392469,4.752379219862086,2.3150099200461924,3.705197959917221,4.305092812200783,42.18273520019744,9.463583918250675,2.304981319501657,7.378294156505759,1.224698054813847,nan,0.000999000999000999,0.02197802197802198,0.000999000999000999,0.1798201798201798,53.67502632644413,97.86602274935498,40.27152498226554,1417.6371233334305
0.1,0.3,blackman,311319.2584891698,46.193377683431976,5.099305562068468,2.3229844574130847,3.566090412937821,3.832249787456553,42.86981169635593,9.991685297049294,2.275852012189802,6.987471669072897,1.0727128398697323,nan,0.000999000999000999,0.02097902097902098,0.000999000999000999,0.3546453546453546,53.89871315505332,97.49754618847625,39.97703837876976,1415.8656966878657
0.1,0.2,boxcar,625315.7641142702,54.117178606969674,3.591462355664322,2.1702668148631084,3.521795611588891,4.254718208317215,36.19395147029625,8.335172746291295,2.5184099144039793,8.173488092789485,1.4106395247202523,nan,0.000999000999000999,0.017982017982017984,0.000999000999000999,0.07592407592407592,61.231445845551214,112.55230804425011,49.81506175393702,1682.913286742048
0.1,0.2,hann,490303.1649198517,47.92765548010123,4.574963320983247,2.2019604386899596,3.646781024898201,4.0048647200233285,40.86262213428481,9.404607411137173,2.2632502173027023,7.496572419772112,1.1760962495834966,nan,0.000999000999000999,0.029970029970029972,0.000999000999000999,0.23476523476523475,65.41328880559,118.50035722174374,49.155959999826884,1733.8131555470143
0.1,0.2,blackman,441903.135912246,45.50524785586161,4.82458904680961,2.2435371447790993,3.721615378146602,4.571288942619123,43.6909549664875,9.275729501514903,2.1567063515319997,7.155158132938539,1.2555337221057663,nan,0.000999000999000999,0.026973026973026972,0.000999000999000999,0.13886113886113885,65.5399381741237,118.53023993098168,48.50761932268923,1726.7559024943023
0.1,0.1,boxcar,1357442.3449622837,56.43031835792116,2.7445363121677127,2.0444463701662605,3.65563518272701,3.894606094520175,34.14109802034393,6.752596242941967,2.5150552420961048,8.994243687361507,1.368886059446406,nan,0.001998001998001998,0.017982017982017984,0.000999000999000999,0.0969030969030969,78.61754417957205,154.89915775340057,70.89390301487411,2276.63048636317
0.1,0.1,hann,945917.794164945,47.25127153073881,4.373101372195514,2.2158248872015434,3.6938820895227993,4.196131403401387,41.75889655914389,8.7967007160774,2.228618400648007,7.430418930740932,1.2058167478036677,nan,0.000999000999000999,0.017982017982017984,0.000999000999000999,0.19080919080919082,91.3482097486709,166.44871074085927,69.32106113709638,2429.188565042875
0.1,0.1,blackman,891821.8573465014,45.827855701614325,4.7289360684025965,2.2045066710116967,3.7041686932589255,4.410380713728578,43.1972563545003,9.19573749050001,2.1434065030115113,7.2030077021624095,1.225183565604607,nan,0.000999000999000999,0.03796203796203796,0.000999000999000999,0.18081918081918083,92.25696670784033,165.8662832971482,68.67196193163407,2423.1203132037513
0.05,1,boxcar,117605.98533773374,50.760655879281494,4.747924705266906,1.792961124677182,3.212810956844867,4.815939192581858,36.06639732291287,11.058095757988209,2.0879370501638936,7.482757924466091,1.6023577235497182,nan,0.000999000999000999,0.016983016983016984,0.000999000999000999,0.012987012987012988,29.151435165072215,48.98623087474145,21.850164017195514,829.6741604373353
0.05,1,hann,96704.08684673347,45.27973695151502,5.803900884978823,1.6643072772677774,2.9272630093122554,5.68979091679127,39.94471904577564,12.205059541901566,1.7499411014793214,6.155759726346945,1.7092995678164855,nan,0.000999000999000999,0.059940059940059943,0.000999000999000999,0.004995004995004995,31.88946632368688,50.029832700178574,20.18496645017964,850.8835437450315
0.05,1,blackman,101676.8946273413,46.16525119643687,5.659004633957212,1.5216137731806514,2.8429933773288867,5.611588384621133,39.05059046562827,12.172834868420424,1.6365380833316212,6.115437458130748,1.7244056955995177,nan,0.000999000999000999,0.07292707292707293,0.000999000999000999,0.004995004995004995,33.7856192900694,51.18176295721969,20.54645499620404,880.0735732923783
0.05,0.9,boxcar,135056.91707449066,51.46401375716353,4.044074558973051,1.9188174209457203,3.186508805844716,4.600300276361103,36.92626734494914,9.199474720268512,2.1824662354004105,7.248681194623053,1.4949684136943808,nan,0.000999000999000999,0.026973026973026972,0.000999000999000999,0.04395604395604396,28.503553061801032,51.239218435950875,21.616694927672793,798.3696801303732
0.05,0.9,hann,117347.49148636698,47.67785726336825,6.3771192006940955,1.7902028407395927,3.427477745927512,3.869585562132201,40.44147236906776,13.245759401876402,1.8591934196879518,7.119130778189017,1.1482031693065387,nan,0.000999000999000999,0.04695304695304695,0.000999000999000999,0.21878121878121878,35.446116767412086,59.9733391327574,23.893459261685308,907.4713926952767
0.05,0.9,blackman,110948.01971116944,46.113941808771834,5.9526813769433,1.7412964850491146,3.477811243600494,4.226238575879976,40.219221528975005,12.432494132264733,1.818395523130024,7.263595200418756,1.260960828742629,nan,0.000999000999000999,0.03496503496503497,0.000999000999000999,0.11688311688311688,36.31507595758337,60.52736876440734,24.42347999512182,911.1593398675736
0.05,0.8,boxcar,172679.12049147952,56.10268597845689,3.1971430535079315,1.6244731608323126,3.2898488873097484,4.392835417436816,32.862448492695165,8.172246098898052,2.0761652245761044,8.409212314032132,1.6040808712399908,nan,0.000999000999000999,0.027972027972027972,0.000999000999000999,0.017982017982017984,27.86239454529124,49.235152378268936,23.893591579502672,810.2639592756699
0.05,0.8,hann,132384.56117659036,48.40399881980304,6.1516189466285285,1.5293348441886538,3.598032049844598,5.2457724713906035,36.450414644818586,14.176409145190625,1.7621764822654502,8.291666778882824,1.7269836370883498,nan,0.000999000999000999,0.060939060939060936,0.000999000999000999,0.007992007992007992,36.387612718420925,56.42986459654399,24.23960423302407,917.7246418702422
0.05,0.8,blackman,133813.92226315654,47.765150731063954,6.495029742932097,1.6532888696473989,3.2833436860544225,5.452015079471121,37.99854919503718,14.357982343114095,1.8273890450075332,7.258194732987138,1.7217547074717845,nan,0.000999000999000999,0.03696303696303696,0.000999000999000999,0.004995004995004995,39.69900160591873,62.527627691604096,25.518081804221623,999.2391834382435
0.05,0.7,boxcar,185734.95015522494,53.80213537440902,3.7403143782662185,1.6553935315164243,3.0223312648319887,5.223409947603391,33.152129308445836,9.477110952698903,2.0971964629124815,7.6579040786140276,1.890705685540147,nan,0.000999000999000999,0.025974025974025976,0.000999000999000999,0.001998001998001998,33.81509561624053,57.15679476501495,25.443036071131214,946.5138480655754
0.05,0.7,hann,155100.12217745584,49.1743032468766,7.652074590876882,1.8313201155152452,2.6825228262729417,4.8042954532120765,34.517457200250284,18.621715438210128,2.2283056485134884,6.528056690262029,1.6702141500193384,nan,0.000999000999000999,0.017982017982017984,0.000999000999000999,0.008991008991008992,41.614704155384906,63.884338168420264,26.418413873875632,1054.2816224285182
0.05,0.7,blackman,128299.69591948595,44.18696591173667,7.367292918739652,2.0001273403650077,3.0462244927068305,5.394993089486784,38.679853659803,15.999352288585742,2.1718114301613975,6.6154039681203125,1.6737373838908967,nan,0.000999000999000999,0.014985014985014986,0.000999000999000999,0.01098901098901099,42.08662214436818,63.603548844242965,25.181241753854852,1033.3375227537208
0.05,0.6,boxcar,240207.36449656382,56.49128385905351,3.728971064432419,1.577714165398924,3.0331440241132444,5.198444886638753,32.464705204022266,9.64843412080374,2.041108783533476,7.848033623725795,1.921512554869471,nan,0.000999000999000999,0.02097902097902098,0.000999000999000999,0.001998001998001998,35.781640201058465,58.257146520057134,27.988482790582967,998.7980553057542
0.05,0.6,hann,178503.44270037982,49.24389585863186,7.060896975353814,1.6909947550431341,3.1622867492719746,5.227428114857964,35.29451905932374,16.804743675152512,2.0122608723591555,7.526156865669882,1.777305345140393,nan,0.000999000999000999,0.022977022977022976,0.000999000999000999,0.005994005994005994,43.90178221696806,68.44995880693239,27.634240464772137,1114.4992742748586
0.05,0.6,blackman,195828.03232013315,51.0338155096622,6.817363122338634,1.5299518681443993,2.982200732905962,4.962821097826455,33.40084899613516,17.145028329750176,1.9238426684752863,7.499954914112718,1.7830041739600233,nan,0.000999000999000999,0.03696303696303696,0.000999000999000999,0.003996003996003996,45.086886417489204,69.8028239453874,28.03357504203115,1142.5181226628456
0.05,0.5,boxcar,216071.94356513972,49.23876248718525,4.6201757068838045,1.8392857545221686,3.3277537871162672,5.001272386077211,37.200708297437544,10.432456185383232,2.0765734101695106,7.514139673975539,1.6132829556113724,nan,0.000999000999000999,0.026973026973026972,0.000999000999000999,0.015984015984015984,40.08263281816471,67.76002501642364,30.463652634372067,1150.9624151686505
0.05,0.5,hann,205782.2051897976,47.61827955330224,6.935217626096783,1.7556398545271115,3.0690284065336373,5.077903732867668,37.6215898317056,15.484680025435255,1.9599616661600228,6.8524054220474735,1.6196775592683528,nan,0.000999000999000999,0.03696303696303696,0.001998001998001998,0.013986013986013986,48.58473115839465,75.5442441880942,30.807490721676796,1202.6033249490663
0.05,0.5,blackman,173262.82534924473,43.50393676473612,7.619500745903997,1.8812158499918457,3.160762429995475,5.822824823364229,39.551492633774664,16.18239970315003,1.9976759519863652,6.712870398547107,1.7666564073160294,nan,0.000999000999000999,0.02197802197802198,0.000999000999000999,0.002997002997002997,49.35878374008144,76.40916381019193,30.3009071792297,1227.945647173779
0.05,0.4,boxcar,310263.068137988,53.68338992869327,4.088834874324611,1.6636914267778837,3.45432692125872,4.494004633150447,33.66747198039701,10.201601404561924,2.075446590268377,8.618510518243871,1.601785118562069,nan,0.000999000999000999,0.02097902097902098,0.000999000999000999,0.012987012987012988,43.960360584152575,73.23345051232027,34.7129423201938,1189.675756542657
0.05,0.4,hann,237855.96857987272,46.03777745784021,6.696486525889461,1.8181367747319659,3.4138603843813606,5.352132895502542,37.2138743613899,15.115461043162014,2.0519697518506517,7.705842974134336,1.7258507975365704,nan,0.000999000999000999,0.026973026973026972,0.000999000999000999,0.005994005994005994,52.444724460365514,83.3327355363609,34.22319139110653,1335.0950597550934
0.05,0.4,blackman,252020.8825728277,47.290815255327914,6.499492304118025,1.7335723169325343,3.2355101603079124,5.408503546677357,36.51479835412103,14.951673791299955,1.9939871118841648,7.443087890835675,1.7774175261960197,nan,0.000999000999000999,0.028971028971028972,0.000999000999000999,0.008991008991008992,55.44036999655858,87.67613753936413,35.2348642455699,1395.3428517874522
0.05,0.3,boxcar,409138.6003234395,52.80557887841499,3.7939805311862793,1.7652969545328552,3.185819243452346,5.566429457228334,34.39756612174095,9.26502658623329,2.1554569247130027,7.7798765035545685,1.941915112549807,nan,0.000999000999000999,0.02197802197802198,0.000999000999000999,0.000999000999000999,49.937667364213716,84.9191642186145,38.90945658252859,1409.3722901318276
0.05,0.3,hann,308774.8759778185,45.76921049092743,7.143597785340424,1.8285746278313277,3.33235022466992,5.654493429876757,38.81776102945616,15.458444744230588,1.978479240743364,7.2110655392994705,1.7480122335502906,nan,0.000999000999000999,0.03796203796203796,0.000999000999000999,0.006993006993006993,61.25979303166408,97.18052226387053,39.3867015915125,1557.2289577795827
0.05,0.3,blackman,329526.898320218,47.00051275033086,6.702804482419672,1.7226845705933085,3.3188475437399534,5.468006147449546,37.06664195454985,15.189818846110525,1.9519640342288358,7.521134340035246,1.7702189977136658,nan,0.000999000999000999,0.026973026973026972,0.000999000999000999,0.005994005994005994,62.22878646382935,98.1403366661292,39.7964865609377,1578.94991978678
0.05,0.2,boxcar,640528.7374676262,54.20741628113688,4.016983644416238,1.7161372839169944,3.38370088697672,4.705402394573179,33.04643609534178,10.210681271573716,2.1811055726724438,8.600953933005488,1.7086510803153572,nan,0.000999000999000999,0.01898101898101898,0.000999000999000999,0.006993006993006993,62.37275349191169,105.31205666062436,49.00272999740739,1715.4996480477885
0.05,0.2,hann,508996.21974767564,48.021617950263696,6.797491094736239,1.866603253118852,3.2197293786161927,5.094156650258236,36.148912768740644,15.795475111815827,2.1687329058146663,7.481753864465739,1.6910572164139939,nan,0.000999000999000999,0.015984015984015984,0.000999000999000999,0.007992007992007992,75.40505002584533,119.50392673273566,48.65300869066912,1914.1284508484482
0.05,0.2,blackman,500832.08047754795,47.32985569978173,6.799431491142046,1.6174519514350567,3.2414368316778734,5.517887650164537,36.214234129954484,15.77148485886397,1.8758641068176518,7.518609751178621,1.8284150802240828,nan,0.000999000999000999,0.01998001998001998,0.000999000999000999,0.001998001998001998,78.95422936943604,124.51537511024384,49.13719501223881,1964.6522698829979
0.05,0.1,boxcar,1165825.7959961256,51.866610309267,4.1814036455246,1.7974388401746806,3.3313616646899034,5.049332034532608,34.792166995729346,10.095315599835448,2.1698111329657364,8.043028187014073,1.7415409744908619,nan,0.000999000999000999,0.01898101898101898,0.000999000999000999,0.005994005994005994,88.38088862112922,150.6709998243566,68.05623194097394,2457.7298874982203
0.05,0.1,hann,983827.8047344394,47.31761005877896,6.922960513438518,1.8054547325500103,3.200403925298355,5.351144314089389,36.97219908578925,15.728809686961622,2.0509761561964095,7.271245324122246,1.7368112624318865,nan,0.000999000999000999,0.029970029970029972,0.000999000999000999,0.007992007992007992,107.5643628881787,167.84346890317568,68.77216771789317,2725.8655240866033
0.05,0.1,blackman,986812.329358938,47.258067844383476,6.8122059047883585,1.6843494706568092,3.239292505850163,5.3735478367213005,36.40135632722457,15.719889414512142,1.9434077437020538,7.475011866189989,1.7714332801503085,nan,0.000999000999000999,0.03796203796203796,0.000999000999000999,0.003996003996003996,109.17964191741714,171.16557226588048,68.59619111177771,2748.8201044311627
0.025,1,boxcar,95411.85919822668,45.50690805165026,7.481194324376174,1.4792262068637476,2.8721306951196977,6.259090056363791,36.47689973557991,17.227898417985106,1.7032012352650037,6.614020932122372,2.059086194847403,nan,0.000999000999000999,0.03596403596403597,0.000999000999000999,0.000999000999000999,34.46972479686154,49.19408868429096,21.277000531278734,862.9764466038246
0.025,1,hann,99340.52758204857,45.46948977683237,8.169855032128707,0.9437487326278897,3.240095537640035,6.091650398852441,36.65243738678869,18.72366127951358,1.0814409517184966,7.42564600246382,1.9944050109087148,nan,0.000999000999000999,0.3516483516483517,0.000999000999000999,0.000999000999000999,39.2128010865214,58.088376097375686,21.88570290610482,949.8338504388362
0.025,1,blackman,89479.6159787675,43.39616379959579,9.692054665081498,1.0865736952661054,3.3328334466928915,6.0807647066465735,37.065545620205995,21.964673074258695,1.231226856034685,7.553052432866007,1.9686524306816167,nan,0.000999000999000999,0.2217782217782218,0.000999000999000999,0.000999000999000999,39.123967661680126,55.797081213447896,21.93570024995208,914.6545860708698
0.025,0.9,boxcar,150575.9192922783,54.630050297952025,5.926300031350426,1.2191425237271727,2.6440263301786255,5.56433124302843,30.24498870261568,16.459229247137518,1.6929742146709077,7.34330615622934,2.2077037479788024,nan,0.000999000999000999,0.03896103896103896,0.000999000999000999,0.000999000999000999,34.880662303707645,51.78204240518103,21.309200679019963,872.6402929523915
0.025,0.9,hann,100825.32265838365,44.10400019669955,9.392187179145361,1.5148048900988922,3.3113500124603097,6.027958156544996,35.611072961386505,22.154449654007088,1.7865736719907126,7.810868303470409,2.031264206977817,nan,0.000999000999000999,0.03196803196803197,0.000999000999000999,0.000999000999000999,43.14406836076892,60.30141685007159,23.517989769350873,1002.1429262276765
0.025,0.9,blackman,95392.28284384005,38.065523304422285,8.746472723449132,2.838644640539698,3.239597860714554,7.68996903702744,48.80068305943447,15.055193138893767,2.443061601360482,5.576278921518361,1.8909495248650863,nan,0.000999000999000999,0.007992007992007992,0.000999000999000999,0.002997002997002997,43.464299322046834,71.8463572531459,24.304579440449604,1066.9666817919178
0.025,0.8,boxcar,148730.99187604384,51.46395946495208,6.108471941271497,1.006185678283121,2.492681559412965,7.62303036593225,32.20868718631799,15.930846237184477,1.3120621229741627,6.5008936806227355,2.8401146517404623,nan,0.000999000999000999,0.17482517482517482,0.000999000999000999,0.000999000999000999,40.69201054761601,55.47690791800734,23.08213707858152,1020.6415855740723
0.025,0.8,hann,128630.33534708314,46.26993589861911,9.043002141831966,1.6006778347276798,3.0077373001146155,6.212862658304387,37.854917884141884,20.066406754301816,1.7759507302147866,6.674164080421039,1.969475990618509,nan,0.000999000999000999,0.024975024975024976,0.000999000999000999,0.000999000999000999,45.584185671106646,64.79492308753547,24.555707184267504,1088.9582924909453
0.025,0.8,blackman,119148.72166849286,45.43756555362178,10.423919690338867,1.2669670436739422,2.9347535027687712,6.300727005008019,34.55523690120969,25.339408220286625,1.539929128150261,7.134064655304005,2.1880539924022155,nan,0.000999000999000999,0.06393606393606394,0.000999000999000999,0.000999000999000999,46.292149029210066,63.8307160132353,24.55642296147519,1070.6273836674484
0.025,0.7,boxcar,181967.7748498013,52.78560970782006,4.994091778949845,1.6080407433214385,2.791418917292493,5.976278694205955,32.75675892133335,12.806630547278553,2.0617946782126673,7.15819259212062,2.1893296739979276,nan,0.000999000999000999,0.016983016983016984,0.000999000999000999,0.000999000999000999,39.26120278450828,59.14422363766324,24.83338916101138,1002.3290368185986
0.025,0.7,hann,116131.08193062423,41.23342576082846,8.018601423969894,2.0365258168410163,2.627350240784265,7.346025474655324,40.51017989328191,16.62699403922353,2.111421981651269,5.447949646416606,2.176053177944115,nan,0.000999000999000999,0.005994005994005994,0.000999000999000999,0.000999000999000999,46.971818245136895,67.86310854571127,25.670116947468074,1163.8863936407224
0.025,0.7,blackman,105131.3219130726,39.464288785187,10.643336068364498,1.4336722904533203,2.754532880633732,7.825312164359851,38.53518271842321,23.20062256549748,1.5625781935179917,6.004402876818673,2.4368314705673884,nan,0.000999000999000999,0.06693306693306693,0.000999000999000999,0.000999000999000999,46.1710671932882,66.07769882919509,25.227378025528186,1128.7113393883956
0.025,0.6,boxcar,200212.7744757223,51.690661391453716,5.667974888417261,1.3990224736505708,2.6414773599465273,6.553541810157094,32.72757685145981,14.547667026739045,1.7953954904761926,6.779728888654682,2.4029430006021757,nan,0.000999000999000999,0.03196803196803197,0.000999000999000999,0.000999000999000999,43.51702670488181,61.080071094928726,26.107609596928473,1077.524835820477
0.025,0.6,hann,162174.10544469647,45.11887263970427,8.762179430148748,1.959228234342853,3.1437683187371737,5.782402365242876,36.81528380310153,19.992323733505707,2.235147399175216,7.173013800091234,1.8847831991198396,nan,0.000999000999000999,0.01098901098901099,0.000999000999000999,0.000999000999000999,52.37034061231312,75.944309100946,29.132520536183502,1271.3321478709054
0.025,0.6,blackman,160483.43038462088,45.44429350809673,8.706914597126852,1.3762318368625122,2.8894017660430533,6.417147977193662,35.52444373249825,20.58810073610184,1.6270976002742499,6.832189975309375,2.1676842093906736,nan,0.000999000999000999,0.058941058941058944,0.000999000999000999,0.000999000999000999,53.63693390170234,73.93913969917014,28.85690147538905,1263.6382425096901
0.025,0.5,boxcar,251506.92243248242,52.64703192637956,6.07326047908549,1.3228561773180092,2.8102488908404055,5.780005202820276,31.464916037206457,16.21341940464539,1.7657749151994606,7.502352987418052,2.2043619106380836,nan,0.000999000999000999,0.025974025974025976,0.000999000999000999,0.000999000999000999,48.53429874663943,70.97338282290713,29.93086607499566,1206.2766520671546
0.025,0.5,hann,201559.83723381418,46.93889390925287,8.896294220534868,1.5198016630972677,2.637790012799247,5.6819492932128135,34.436738248907375,21.70033378665412,1.8535922127325903,6.434243553312339,1.9799607914584396,nan,0.000999000999000999,0.01098901098901099,0.000999000999000999,0.001998001998001998,55.18946017251051,78.55153188278527,29.99077169220099,1332.1280726922928
0.025,0.5,blackman,191606.49038220447,45.61596780035559,9.773966920925675,1.47255524442776,2.524578110787251,6.213730282337809,34.759391179529594,23.619896479696273,1.779298145543725,6.100928529237806,2.1451688553154575,nan,0.000999000999000999,0.028971028971028972,0.000999000999000999,0.000999000999000999,56.42891535647956,80.51100430892288,30.578033021132967,1325.5615798050808
0.025,0.4,boxcar,300069.7894937415,51.88015773989319,5.615043117459842,1.2423696787410343,2.74104469079648,6.418117333512853,32.165364725311726,14.66371128991001,1.6222271052335393,7.1582509942974974,2.3944204786693226,nan,0.000999000999000999,0.052947052947052944,0.000999000999000999,0.000999000999000999,53.68648809282194,76.99764354694844,33.11711590212192,1357.1279204423126
0.025,0.4,hann,244666.74676386412,45.906198594887705,9.304398177634265,1.5224714505588761,3.0218715152641633,5.780147397063814,35.19530548934537,22.20663909730466,1.816827557948898,7.212246171837704,1.9707676293863552,nan,0.000999000999000999,0.013986013986013986,0.000999000999000999,0.000999000999000999,64.22381164460676,90.03166505956992,35.22942682333439,1536.9353293694599
0.025,0.4,blackman,224782.04294226022,44.333408539074334,10.275714555292794,1.3879169313609563,2.8104168925798194,6.384021089807304,34.63020050055404,24.925065698963692,1.6832854062230327,6.817027206438726,2.212180465904667,nan,0.000999000999000999,0.04295704295704296,0.000999000999000999,0.000999000999000999,65.24880034839599,89.40612225083518,34.65793154360198,1511.4851333091135
0.025,0.3,boxcar,437464.6642244742,53.9485062511824,5.267717941926852,1.319420920351393,2.7609193215443364,5.563918439333681,31.308812974100352,14.133027256188091,1.7699706054202733,7.4074102777889905,2.13253122458638,nan,0.000999000999000999,0.022977022977022976,0.000999000999000999,0.000999000999000999,62.57439551771347,88.18717738241142,38.296821140038446,1538.856291737231
0.025,0.3,hann,343763.9544867492,47.460489118669635,8.87669946643393,1.435192670045643,2.72863426106495,5.680168573422114,33.59979702404982,22.191882726158713,1.794001675033084,6.821626861775293,2.02864388830316,nan,0.000999000999000999,0.03196803196803197,0.000999000999000999,0.000999000999000999,74.20421481506183,101.42134055466676,40.066804406784385,1733.1462396118563
0.025,0.3,blackman,293156.2105138109,43.79520947376251,9.51137068684239,1.5826170489747282,2.94352271211436,6.512788820887183,35.667069264677565,22.400358486588527,1.8636214700927567,6.9323303796780715,2.1911939349624254,nan,0.000999000999000999,0.029970029970029972,0.000999000999000999,0.000999000999000999,73.6775566438358,102.79929880246029,39.058766591609405,1707.1579300819442
0.025,0.2,boxcar,583128.307925854,51.27440394543943,5.821848264251187,1.4260830491225998,2.8492357697719743,6.149551250304184,32.50606365190873,15.044431692312395,1.8425943142344205,7.3628048976884415,2.270179982229778,nan,0.000999000999000999,0.025974025974025976,0.000999000999000999,0.000999000999000999,74.1818259038561,106.80008263619729,46.3476390938983,1863.608113754985
0.025,0.2,hann,490540.7545263317,46.58999584470323,8.793815996811828,1.4900812652762094,2.9773791016722786,6.109509531913483,34.462095483098025,21.434580032850306,1.816007188892356,7.257244257335807,2.1273841115935275,nan,0.000999000999000999,0.027972027972027972,0.000999000999000999,0.000999000999000999,88.97620979817138,128.37450253040845,49.1151205540142,2155.714315340707
0.025,0.2,blackman,451500.7094868076,44.545163802185336,9.620467324705688,1.4638176463379098,2.7928794074189165,6.683007531503854,34.59007055613116,23.362752439718196,1.7773985469739002,6.782347258947852,2.3184714309243097,nan,0.000999000999000999,0.03596403596403597,0.000999000999000999,0.000999000999000999,89.96299471467614,126.16201316208648,48.263948249283544,2119.1682258763567
0.025,0.1,boxcar,1269490.5018754248,53.3799249934264,5.3864695894642685,1.3865559969007426,2.783211550479523,5.315881985989563,31.52844623966858,14.350959196514937,1.8470733199836666,7.415201131799812,2.0232707741751788,nan,0.000999000999000999,0.03596403596403597,0.000999000999000999,0.000999000999000999,105.82831617982431,152.5380044725949,66.3174879818133,2636.272968888654
0.025,0.1,hann,936769.4429052334,45.404736737250914,9.202848991493893,1.5576382943791667,2.8539558088406527,6.566683172678614,34.22499054908009,22.586984039540226,1.9114923719294759,7.004597637472786,2.302416941770679,nan,0.000999000999000999,0.022977022977022976,0.000999000999000999,0.000999000999000999,125.78344619331034,178.71166764897856,69.2110689799858,3021.5741531071208
0.025,0.1,blackman,865046.4826292453,43.67875193728647,10.155661405219345,1.5862290294640635,2.7666080023833706,7.093561751715456,34.71553120930056,24.573311377412523,1.9190724415486464,6.6942680726700985,2.4520074461018306,nan,0.000999000999000999,0.01898101898101898,0.000999000999000999,0.000999000999000999,129.45038565411866,182.2137846648958,68.8253552444955,3025.975003407773
0.01,1,boxcar,203259.26526013648,63.244756080689925,5.645539163563627,1.0001889030635152,1.9152368324192321,4.856469800709099,23.233480728345054,20.41128900504286,1.8080775076210422,6.9244852204577585,2.5083472549771653,nan,0.000999000999000999,0.017982017982017984,0.000999000999000999,0.000999000999000999,36.23274421189739,47.160377501639246,20.563855597701437,854.3811891375178
0.01,1,hann,86312.74394456382,42.25163467450411,13.460100564580928,0.9876224928418192,2.222494492540415,7.251438473733711,35.149974533615016,32.16640872224598,1.1800903201135369,5.311228239862816,2.475599565558354,nan,0.000999000999000999,0.26673326673326675,0.000999000999000999,0.000999000999000999,44.284806680742115,58.66606225654048,21.398461909086958,981.7671061712347
0.01,1,blackman,76362.13211197418,39.01992671063987,15.502175367211393,0.9647740990853403,1.838522822358923,8.052190142179175,34.91230143714077,37.29867918304736,1.16063709619777,4.423538716180306,2.767685822148525,nan,0.000999000999000999,0.31368631368631367,0.000999000999000999,0.000999000999000999,45.05002407635272,56.879673225346025,20.786917220173006,978.4113989218603
0.01,0.9,boxcar,115765.35917968636,47.2099169357649,8.020910800794784,1.4196606335624584,2.4277120504643217,6.564031739551086,34.205531018645424,19.697297109625264,1.7431609694093413,5.961837345189644,2.3027966100475505,nan,0.000999000999000999,0.029970029970029972,0.000999000999000999,0.000999000999000999,40.50082882555376,51.85724223779894,21.055689229869788,904.1028326652457
0.01,0.9,hann,98418.10956642382,42.68118991413781,13.138469552826063,1.2196379785517593,2.5714444409235204,7.783595076381852,34.45056551420212,32.03521991482031,1.4869072346013206,6.26989223002827,2.7112222839441382,nan,0.000999000999000999,0.09090909090909091,0.000999000999000999,0.000999000999000999,48.09956810242511,62.95444702861006,22.36631528763971,1055.7109388135036
0.01,0.9,blackman,82014.70002059141,38.50155971478484,15.850273374797785,1.2140977688874957,2.2150264413104073,8.678846379731876,34.66623113198663,38.406914164214015,1.4709446232885774,5.367246885352762,3.0042537984663285,nan,0.000999000999000999,0.0899100899100899,0.000999000999000999,0.000999000999000999,48.11942548684167,60.25018615295311,21.927550802802568,1046.402759280485
0.01,0.8,boxcar,244098.3696674023,62.559603528545914,5.514973950973447,1.057849616650996,1.8333857334644328,4.538682099782723,24.609892165886155,18.824048832035526,1.8053587394799548,6.257825128729773,2.2131013346287665,nan,0.000999000999000999,0.016983016983016984,0.000999000999000999,0.000999000999000999,41.77287740792362,55.58504531204133,23.199808658024207,958.6507947938827
0.01,0.8,hann,112500.46634778175,43.3378216244591,13.16761514634498,1.161876846077582,2.0619544753762193,7.363591331287829,34.886517799383036,31.705075257254226,1.3987875722042238,4.964788315291974,2.532872340071058,nan,0.000999000999000999,0.13786213786213786,0.000999000999000999,0.000999000999000999,49.08493872023134,64.2393499969755,23.550380209919307,1117.7698873192555
0.01,0.8,blackman,107785.73120935855,42.31833993509251,13.372602690141743,1.381319618734322,1.8536752667088545,7.666113221275622,34.97566167324397,32.116579708089375,1.6587369962816956,4.451916417142707,2.630210673774943,nan,0.000999000999000999,0.061938061938061936,0.000999000999000999,0.000999000999000999,50.000779393437135,62.50709316533361,22.741240517131384,1117.2600771889145
0.01,0.7,boxcar,166648.47273010228,50.29703752859474,6.317259372599075,1.3594576615051541,2.4989974004880056,6.507508863354438,33.15482942507405,16.00520335951441,1.7221389092726107,6.331378724640314,2.3553161851345843,nan,0.000999000999000999,0.023976023976023976,0.000999000999000999,0.000999000999000999,46.088277839551886,58.41289380230623,23.95811615605881,1035.4098283311152
0.01,0.7,hann,132797.57351429065,44.28023149141704,12.412927599386286,1.0641608858171128,2.2344195002897997,7.301003559106102,33.12385306581344,31.478400664220622,1.349322408703939,5.666346775884479,2.644983436413565,nan,0.000999000999000999,0.13386613386613386,0.001998001998001998,0.000999000999000999,53.86322833438363,69.33590000030165,24.582177897419076,1175.0945657332484
0.01,0.7,blackman,121639.91606534574,41.96443514278278,14.285136988731134,1.1366162734271692,2.0229065590183217,8.304770526281807,32.92571675581757,36.444203051142345,1.4498661893368323,5.1608337706882415,3.0267297460661498,nan,0.000999000999000999,0.11488511488511488,0.000999000999000999,0.000999000999000999,55.47975138155647,69.4965501326229,24.596736316931878,1205.916427769997
0.01,0.6,boxcar,267688.84259862936,57.80499442848361,5.867348189509461,1.171485935291002,2.132517046221951,5.053067555615948,27.368505789510756,18.008189840882256,1.7977747729684015,6.545166669321704,2.2155689146402366,nan,0.000999000999000999,0.023976023976023976,0.000999000999000999,0.000999000999000999,46.79151629174489,62.5540938890266,26.10952905564471,1069.192881557813
0.01,0.6,hann,138775.5975142334,41.377744311754824,13.102896875130076,1.1478715046717562,2.308487311021654,7.67420138756356,34.838237571058094,31.592968366037184,1.3838416222370782,5.566094832733798,2.643371854357723,nan,0.000999000999000999,0.11788211788211789,0.000999000999000999,0.000999000999000999,59.00349863185499,77.08164811965968,26.955813161463592,1292.0565950075047
0.01,0.6,blackman,127974.05107349528,39.5980727812372,15.527817040597855,1.481313528077311,1.8664589798115556,7.967375204755584,34.31074100419713,38.01540256010979,1.8132854714981663,4.569489020507949,2.786547292737615,nan,0.000999000999000999,0.03196803196803197,0.001998001998001998,0.000999000999000999,59.5733177283821,75.52636112377593,26.273630025277072,1297.3354123847441
0.01,0.5,boxcar,313340.79191351024,57.509539660691075,6.512469718059628,1.216437307353683,2.2410756356561503,5.303602250133714,27.098819726581475,20.187132201200814,1.8853355025916378,6.94681005647121,2.34856084669903,nan,0.000999000999000999,0.01898101898101898,0.000999000999000999,0.000999000999000999,53.22512359919407,68.80594231096657,29.25512826021753,1210.9498049330675
0.01,0.5,hann,145165.89344974863,37.78474718307651,13.984425940257191,1.1669743349884716,2.304187251540229,7.9782883354053356,38.17243461589448,30.77329991659684,1.2839873212883177,5.070458069467409,2.5080784337763835,nan,0.000999000999000999,0.17682317682317683,0.000999000999000999,0.000999000999000999,63.78860168971551,84.59292091327052,29.757854110663292,1432.7010022868778
0.01,0.5,blackman,159045.23872444427,40.031463220163715,15.04503041842476,1.4326632723740407,1.9462076391590286,7.43714370739323,35.07743036085766,36.02836758983104,1.7154009521419933,4.660587734265298,2.54424921012192,nan,0.000999000999000999,0.054945054945054944,0.001998001998001998,0.000999000999000999,64.23110772173939,82.99847558206145,28.514111859527706,1453.7066932799294
0.01,0.4,boxcar,363232.29325989075,55.666036041184164,6.121369430049861,1.1739915734759467,2.1889284053386024,5.625000330804071,29.13067542390273,17.651325437592615,1.692636554713425,6.311902603451854,2.3171451738555557,nan,0.000999000999000999,0.029970029970029972,0.000999000999000999,0.000999000999000999,59.54711719551532,79.16383228671363,32.397464744088275,1372.7649381184399
0.01,0.4,hann,207879.28009961097,41.760658129196145,13.959544305562014,1.1961639017496568,2.193212291103602,7.220602484826279,33.968719070313135,34.52004531698698,1.478974928948431,5.423514265326234,2.5507947367270747,nan,0.000999000999000999,0.08791208791208792,0.000999000999000999,0.000999000999000999,69.90527036869334,92.87281478144001,32.96316827640326,1550.8371525130283
0.01,0.4,blackman,197873.88210264762,40.555749427821056,14.851964491678988,1.452321206127737,2.0457217461439896,8.167480254829183,33.57203897793627,37.160835483389654,1.816913494514076,5.118563897445423,2.9193866694353225,nan,0.000999000999000999,0.03396603396603397,0.000999000999000999,0.000999000999000999,71.187572517008,91.77948374894495,32.24763596908981,1573.976833711881
0.01,0.3,boxcar,463563.4534825155,54.66221671742561,6.745762284946339,1.1705089970856606,2.328972732412138,5.539403754640334,29.190653932303807,19.411830692440102,1.684147878002601,6.701929664758956,2.277196160450585,nan,0.000999000999000999,0.026973026973026972,0.000999000999000999,0.000999000999000999,68.47772650961478,90.43079128773576,37.02272995410646,1533.1548591162177
0.01,0.3,hann,284255.6884305678,42.323946983428876,13.3036888829772,1.1121404693599595,2.3035267155887524,7.434154102548711,34.283563787170664,32.59608228326224,1.3624575322183314,5.643994460746928,2.6021171481585577,nan,0.000999000999000999,0.14885114885114886,0.000999000999000999,0.000999000999000999,81.97493114221108,107.42029037941207,38.03704351598401,1817.5084850683302
0.01,0.3,blackman,250729.22224632077,39.42798638427056,15.169297916881428,1.2193409920063523,1.950231776130726,8.368573555638532,34.18772807876398,37.27129869766146,1.4979738210822438,4.791762377937566,2.9373956185769763,nan,0.000999000999000999,0.09090909090909091,0.001998001998001998,0.000999000999000999,82.01694230497104,104.82821339864009,37.0046684933178,1812.9183594067724
0.01,0.2,boxcar,663063.7483990819,53.60936282509875,6.551414599314685,1.2428272534995608,2.3582078293358135,5.755282999114654,30.297693146352838,18.163720375809522,1.7228620144390465,6.5381036340733365,2.2794935461180326,nan,0.000999000999000999,0.017982017982017984,0.000999000999000999,0.000999000999000999,83.52152716197016,110.9632339393954,45.48819592403237,1904.5751636680732
0.01,0.2,hann,420485.2060219645,42.171150560595,13.301329458472603,1.2859961498198433,2.303548387761115,7.446261192498434,33.58550753508598,33.26767277059814,1.6081888366882213,5.761355976823957,2.6605265445708697,nan,0.000999000999000999,0.04795204795204795,0.000999000999000999,0.000999000999000999,98.79974774486026,129.99612109858413,46.12349779789208,2194.4263810966468
0.01,0.2,blackman,412730.1417750987,41.73247044092954,14.358388037355027,1.3963194503236531,2.028426437024085,8.082534975942895,32.47857040413595,37.135396667096906,1.8056649718217057,5.246161348540306,2.9862896828415697,nan,0.000999000999000999,0.03896103896103896,0.000999000999000999,0.000999000999000999,100.51583348051928,129.64092194128696,45.36941425277018,2216.781117931605
0.01,0.1,boxcar,1269269.3472590225,52.616981670880236,6.857077507133723,1.2126472722900394,2.43688938968851,5.872418808681307,30.829895631335564,18.682986069333005,1.6520064175765523,6.639617311119882,2.2857367584647554,nan,0.000999000999000999,0.03896103896103896,0.000999000999000999,0.000999000999000999,120.02900733164643,156.58228462667597,64.4215538506305,2695.8889017970077
0.01,0.1,hann,808724.6011478807,41.2758132018262,13.07298281538083,1.2736387814805694,2.293859437043472,7.588772990894717,34.61420720658087,31.724850722081904,1.5454009535140774,5.566621577137217,2.630864123140259,nan,0.000999000999000999,0.07292707292707293,0.000999000999000999,0.000999000999000999,141.7202185757001,185.47201953384982,67.18089925020875,3146.1762724694163
0.01,0.1,blackman,794152.613103171,40.83983103977089,14.424426490954637,1.3710387478247181,2.039704107142124,8.208039644632748,32.98979229742243,36.7280828662525,1.7454983314077215,5.1935805916948805,2.9856652278252978,nan,0.000999000999000999,0.030969030969030968,0.000999000999000999,0.000999000999000999,141.82641581006487,182.02202301170564,63.78615729814138,3137.8401466757246
0.005,1,boxcar,133706.70767323402,53.06105803414079,8.844655294149847,1.1547641227431737,2.1756131526056337,6.2435196958412575,29.47452966387729,25.206544537981745,1.6454916739401921,6.200319628606172,2.541931532224466,nan,0.000999000999000999,0.04995004995004995,0.000999000999000999,0.000999000999000999,41.46775384915873,44.8535368224193,19.52251030364767,840.6443868450796
0.005,1,hann,71966.96129473008,30.897956575961288,12.463382408386666,1.7993198794609941,1.4610116879664221,9.34313932466562,45.27258447462146,23.124902950732938,1.669253827992192,2.710801320785555,2.476502572077312,nan,0.000999000999000999,0.0969030969030969,0.022977022977022976,0.000999000999000999,45.910751727596214,60.100397628020275,19.721058237689114,993.5201720732564
0.005,1,blackman,65133.783959549575,35.56134709678206,19.20520781512928,1.1157071060079533,1.7981011030733378,12.891422163367999,31.53797331477352,51.15222339652248,1.4858183176400643,4.7891629291032345,4.90510485301065,nan,0.000999000999000999,0.13286713286713286,0.003996003996003996,0.000999000999000999,45.10767838863682,51.75774594637167,17.51337533215045,943.0063562558248
0.005,0.9,boxcar,133609.4801279262,51.07281091581935,7.324094561931919,1.2423034495016705,2.033094636528128,6.561425944208785,31.82662819950054,19.330478219239577,1.6394053605681351,5.365945408915258,2.4739382015887266,nan,0.000999000999000999,0.02197802197802198,0.000999000999000999,0.000999000999000999,38.69672130399706,48.77717970625064,19.60584657294223,846.4677460668577
0.005,0.9,hann,96401.40739461537,42.22271424746509,13.515524845867702,1.1612908219827989,1.8503333621412525,8.644440089658472,33.24014663359699,34.15460525993574,1.4673285007106358,4.675912056981381,3.1207227278310126,nan,0.000999000999000999,0.1008991008991009,0.002997002997002997,0.000999000999000999,46.421592570142145,56.92754670947056,19.4148525388301,1008.6563099311807
0.005,0.9,blackman,74451.20296787318,36.328362558541386,15.663417567804998,1.5428144103772332,1.7564175169016882,11.972351217674932,32.65942161111701,40.28629445316805,1.9840585668481954,4.517504111876882,4.3989822086498815,nan,0.000999000999000999,0.03596403596403597,0.000999000999000999,0.000999000999000999,44.50761260274687,52.812900281062205,18.36219842688232,981.3047428335406
0.005,0.8,boxcar,151572.43665842732,51.22139816183432,7.528753572465323,1.2187747729804421,2.1020046243017867,6.680449378396773,31.167673746298043,20.29074435374577,1.642359993942715,5.665112830639858,2.572068521805641,nan,0.000999000999000999,0.029970029970029972,0.000999000999000999,0.000999000999000999,43.002726948794454,52.215307784625544,20.598682110398297,921.407663701151
0.005,0.8,hann,92722.79356275615,39.027129422923785,14.745094544317148,1.3271189849573966,1.847689920402662,9.476392284578477,34.46042827199863,35.942325845354475,1.6174783705025007,4.503889275222347,3.2999214785541144,nan,0.000999000999000999,0.06593406593406594,0.000999000999000999,0.000999000999000999,48.69360972162233,58.77929075932485,20.73192084719071,1048.2142370109536
0.005,0.8,blackman,78338.88847078977,34.8530982695937,16.531677368335764,1.426528461372396,2.177938467258268,12.433344980404074,34.597064274645135,40.138113682608044,1.7317710804020288,5.287929339824629,4.312508673581069,nan,0.000999000999000999,0.06493506493506493,0.001998001998001998,0.000999000999000999,47.30348521633129,57.81320356710624,19.80407528051735,1065.6673185737702
0.005,0.7,boxcar,153984.07295234545,48.14558523360884,6.571524069494343,1.4050796103087368,2.236451570471486,7.362374128214522,34.579546063622715,15.963425917213847,1.7065968282055706,5.43274719610138,2.5549349137210293,nan,0.000999000999000999,0.022977022977022976,0.000999000999000999,0.000999000999000999,47.02021138534257,56.83314847751963,22.33441753014372,1004.544579472214
0.005,0.7,hann,103986.13764289138,38.42639338767799,15.57249311203087,1.4964699193333122,2.131477415998877,9.622592236305854,36.22362059301372,36.11150404062254,1.7351036584156647,4.942744541069897,3.187729579354655,nan,0.000999000999000999,0.04495504495504495,0.000999000999000999,0.000999000999000999,54.81702038647256,68.51678826956088,23.144511253236534,1186.3788449538754
0.005,0.7,blackman,90751.69698069849,35.128214781704386,17.519888078015875,1.3684970838542334,1.8675043560446691,11.948791001480009,32.914027672321886,44.712564904078654,1.7462729901698215,4.766064107057546,4.356364205719376,nan,0.000999000999000999,0.06493506493506493,0.000999000999000999,0.000999000999000999,52.37530268859371,62.95180404696805,20.59610976508298,1141.8675089647195
0.005,0.6,boxcar,200042.3028168774,50.87999246575148,9.481077361618322,1.1857759836020874,2.1003531763167276,6.572498567198892,30.118794644070363,26.442309786548254,1.6535386591605368,5.857793078892009,2.6186301191144854,nan,0.000999000999000999,0.04995004995004995,0.000999000999000999,0.000999000999000999,51.07976394400756,59.35842223351149,24.362668701955652,1069.2520271288843
0.005,0.6,hann,137054.50782022698,41.47782354888267,13.630502704689393,1.377577903473811,1.840916865366505,9.663112804569495,32.74871444549237,34.96205107835935,1.766734142868434,4.721926320135937,3.540821544242164,nan,0.000999000999000999,0.04295704295704296,0.002997002997002997,0.000999000999000999,57.753707208123465,70.87404240113729,23.988462821312478,1231.2367798435077
0.005,0.6,blackman,130753.38031985583,40.42718027536265,15.333734614048765,1.1632880692943026,1.6995981313479969,11.213464517978936,30.362812540729422,42.42142277999762,1.6091427249969432,4.702009830009048,4.431788854713082,nan,0.000999000999000999,0.0999000999000999,0.003996003996003996,0.000999000999000999,54.68628285815138,64.48273686229508,22.370727161252514,1199.1439271164013
0.005,0.5,boxcar,228506.0575336874,49.920243060494826,8.403919987134872,1.2099218429154521,2.153730769923453,7.0910608570335345,31.287837095266784,22.562418641144166,1.624168434772902,5.7822272636716905,2.7196744225338363,nan,0.000999000999000999,0.04295704295704296,0.000999000999000999,0.000999000999000999,52.42901917378769,65.00633874480167,26.176928942884782,1157.9787277502926
0.005,0.5,hann,148147.82066787806,38.791409834325,14.960295263800724,1.03408786892551,1.9939567540537648,10.043600421283104,33.67071179514491,37.32219294337767,1.2898952288004188,4.974423123560681,3.579467098547523,nan,0.000999000999000999,0.17082917082917082,0.000999000999000999,0.000999000999000999,63.438192388894656,78.21451679798021,26.642823287139496,1380.7762902264237
0.005,0.5,blackman,118642.21293402542,33.40414821468731,16.424179265928743,1.1273359652824857,1.952657872538172,14.010995153445242,34.01256917113587,40.56238890382947,1.3920768614576011,4.822430803974716,4.943229692393389,nan,0.000999000999000999,0.15684315684315683,0.000999000999000999,0.000999000999000999,61.856492978694256,75.3700520198723,24.983024716373908,1400.5948505446556
0.005,0.4,boxcar,313028.89578088926,52.14604502297793,8.654173229290924,1.1108452263136903,2.0843404012532933,6.529731449764766,29.55692628533746,24.594930617703028,1.5784963245085386,5.923640097587963,2.6510462096340603,nan,0.000999000999000999,0.054945054945054944,0.000999000999000999,0.000999000999000999,61.7323336845675,72.99357747197247,29.75324219421833,1307.3201443798143
0.005,0.4,hann,196858.0700273258,40.545648485404215,14.891715683043072,1.3276849686320265,1.8251437273771722,9.727814252218895,32.50120039427683,38.48793589777352,1.7157141276654024,4.717120329090347,3.591675679990653,nan,0.000999000999000999,0.054945054945054944,0.000999000999000999,0.000999000999000999,70.81172314523938,86.46862952026099,29.847328753129702,1529.9859149343772
0.005,0.4,blackman,165126.5844174882,36.54902727010661,16.725843893598462,1.271321428173954,2.130265587709381,12.357521283877082,32.06912052794923,43.8107083678143,1.6650129191029805,5.57989450355005,4.6240823872075145,nan,0.000999000999000999,0.0919080919080919,0.001998001998001998,0.000999000999000999,67.73325088099685,81.57740321124615,28.00659289259566,1509.846574100827
0.005,0.3,boxcar,410695.5012827775,51.67831324330864,8.082366184097866,1.1976634408214237,2.1116125263706516,6.724229352724458,30.190962112190512,22.487483404514855,1.6661232698572699,5.875117578432985,2.6726790598075096,nan,0.000999000999000999,0.03896103896103896,0.000999000999000999,0.000999000999000999,69.65771322047841,86.08975435274522,34.18007954607838,1499.4464099209806
0.005,0.3,hann,255317.90571902954,39.14622534747473,14.049104417786582,1.0967281263141127,1.8823889509843352,9.434538180698503,36.07941539507779,32.70908794312321,1.2766997691286572,4.3825730032271,3.137923852941019,nan,0.000999000999000999,0.1958041958041958,0.002997002997002997,0.000999000999000999,84.59351253214642,103.42120637605774,35.44993943199899,1814.097092484104
0.005,0.3,blackman,228891.24448927774,37.18453308402829,15.834563662939749,1.1178096483371007,1.95245961068595,11.732205145802968,32.02897918980853,41.528121761375765,1.465797737478217,5.120569292130481,4.395596279085698,nan,0.000999000999000999,0.11988011988011989,0.001998001998001998,0.000999000999000999,78.40710978428568,92.49052365050734,31.878316730697176,1714.8381438891793
0.005,0.2,boxcar,617127.5431669906,51.87583266551115,8.039079925870741,1.1867445720507397,2.106219525919483,6.562014759754438,30.128480311414474,22.41343429184859,1.6543573227371664,5.8722656552381025,2.6136126450168233,nan,0.000999000999000999,0.029970029970029972,0.000999000999000999,0.000999000999000999,86.2605314158784,103.64002074653887,41.656253797564034,1833.3481880755457
0.005,0.2,hann,386063.7392325569,40.047793416008574,14.865864608765811,1.307645330508514,1.8625605337588713,9.71800220185248,33.365776011735846,37.42555325843785,1.6460310667445597,4.68908874712564,3.4950791008490865,nan,0.000999000999000999,0.06493506493506493,0.000999000999000999,0.000999000999000999,100.51757503740781,124.96446395998221,42.11761203464794,2165.4474011487346
0.005,0.2,blackman,328323.9728606006,36.39270225806592,17.00890478891392,1.279971819265581,1.9042932833791153,12.154380894873318,31.419292389870236,45.47358942843048,1.711012957964851,5.09115971865165,4.6421341680344,nan,0.000999000999000999,0.07892107892107893,0.002997002997002997,0.000999000999000999,96.35402815034001,114.72539572795392,38.93484704264558,2116.4251827370645
0.005,0.1,boxcar,1238865.3027227654,51.50996117385386,7.907887168339197,1.2372419382233344,2.0664454709009403,6.76277973603557,30.51780240973686,21.7663943563825,1.7027491268113268,5.687874153752859,2.659213653160506,nan,0.000999000999000999,0.029970029970029972,0.000999000999000999,0.000999000999000999,121.60654366035693,149.92626789154815,59.03200749510396,2615.991759945593
0.005,0.1,hann,753513.977178595,39.11909154345319,15.312515476206382,1.167892429796185,1.9271334130623197,9.913685984546335,32.50730499564367,39.56806939774637,1.5089372083601884,4.979779367096977,3.6596153335534436,nan,0.000999000999000999,0.08091908091908091,0.001998001998001998,0.000999000999000999,144.4753226129126,177.0174648321601,61.219271015449515,3100.997623717949
0.005,0.1,blackman,706227.118349816,37.630305442582745,16.415449286682456,1.1732068909787534,1.925556329356012,11.474304189136387,31.694042669568805,43.50652753444047,1.5546987784054127,5.103379627276357,4.344401618473302,nan,0.000999000999000999,0.1068931068931069,0.000999000999000999,0.000999000999000999,140.32250623301624,167.34153680453616,56.64458994977827,3080.64464437624
0.0025,1,boxcar,103574.785921474,47.46689363038799,8.435171685461123,1.2906617402856626,1.8100906605347296,9.254474624065919,31.85102775521116,22.245888799076738,1.7019166071691008,4.773711437303329,3.4866597191866586,nan,0.000999000999000999,0.03196803196803197,0.000999000999000999,0.000999000999000999,34.90699738606209,39.258372100011954,15.763131291825298,752.5270738523624
0.0025,1,hann,71585.41335419999,38.13667562762806,15.721057431389191,1.5994417650842936,1.7090169129007255,13.96522010160026,29.76829326908955,44.36159010862502,2.2566478207635208,4.822494168072658,5.629568336496321,nan,0.000999000999000999,0.029970029970029972,0.006993006993006993,0.000999000999000999,39.722979295554744,40.94621505776266,14.44652544839449,860.7473495697853
0.0025,1,blackman,53159.72790625744,31.824002127443595,16.565897550093922,1.4877275780252335,1.245509962181457,21.607181538011808,27.566175850139118,50.47981271587465,2.2667111541604874,3.7953337231836013,9.405953871357646,nan,0.000999000999000999,0.06593406593406594,0.02097902097902098,0.000999000999000999,34.433226408415344,26.663990657300886,10.497275074233693,751.5210800611779
0.0025,0.9,boxcar,116679.82118870536,47.5722049187365,8.405682307239388,1.2460016015198774,1.878877465788939,8.743658634126144,32.18027329924331,21.941308802517575,1.6262157495432268,4.904424075540153,3.2605038072184707,nan,0.000999000999000999,0.05194805194805195,0.000999000999000999,0.000999000999000999,38.75118977883651,43.35101582458508,16.75727632284307,805.6845539442834
0.0025,0.9,hann,85104.10668178253,39.51642376547572,14.75766948484396,1.3762018218029468,1.4248521963754055,14.405501741216106,29.237069122694365,42.39974367898106,1.9769586436028208,4.093692975628336,5.912563265803254,nan,0.000999000999000999,0.06893106893106893,0.004995004995004995,0.000999000999000999,42.32213916433363,44.56062882988853,15.19109675149618,909.2623348964249
0.0025,0.9,blackman,60436.426807121505,32.06699744338048,16.246159516706655,1.4850013242752274,1.2722235221563813,21.22767467271195,27.701589837711765,49.26350463631316,2.251497332281327,3.857784931738906,9.195576772484083,nan,0.000999000999000999,0.07692307692307693,0.023976023976023976,0.000999000999000999,36.53426241153638,27.970496203769592,10.901050159802656,795.9340093492402
0.0025,0.8,boxcar,129647.39028042063,47.25045589348071,7.454426274612935,1.2546062031946763,1.8550403003244238,9.322091060520773,32.88899074477818,19.038948684276807,1.6021610679112313,4.737858526473387,3.4012929613539518,nan,0.000999000999000999,0.05094905094905095,0.000999000999000999,0.000999000999000999,40.09745130383082,44.878082790306266,17.46077475585062,848.9991147977055
0.0025,0.8,hann,71254.23837676486,32.32174417400904,17.041128795214895,1.3322251229830597,1.6268862776578452,15.708411064553596,31.875855366404366,44.907181386785204,1.755355409984097,4.287208790239728,5.913596062219374,nan,0.000999000999000999,0.07992007992007992,0.008991008991008992,0.000999000999000999,44.82116516383019,46.830946933062236,16.215732242399323,960.778908231037
0.0025,0.8,blackman,68649.31316912944,32.29910242793467,16.40683177134961,1.4998346377632392,1.3117739153830263,20.84909983921794,27.672898262768907,49.80229593976288,2.276344681641346,3.9818383981999603,9.04094669430486,nan,0.000999000999000999,0.06893106893106893,0.026973026973026972,0.000999000999000999,38.613699747177314,29.778131750024553,11.632859478181087,832.1175516841124
0.0025,0.7,boxcar,136589.74299971896,45.33294285887124,8.757557156266673,1.3467914471394646,1.9507895247702502,9.427724854705827,33.2846608599859,22.101315804925772,1.6994386999405795,4.923178300359298,3.398943998028703,nan,0.000999000999000999,0.055944055944055944,0.001998001998001998,0.000999000999000999,43.21076472216942,47.83729735564387,18.672997763540515,909.166669871496
0.0025,0.7,hann,102045.00635692474,38.15833070199399,16.204900283445177,1.1761228522968525,1.535665607673452,14.514907315417569,28.724584463246146,47.38838347865748,1.719682311146146,4.490784234307153,6.063756570887118,nan,0.000999000999000999,0.1008991008991009,0.004995004995004995,0.000999000999000999,47.205559107133304,48.08934211588782,17.032730715124284,1000.440770607434
0.0025,0.7,blackman,79604.33532407091,32.65797526108772,16.174246441100397,1.5106382015214743,1.2684906198408836,20.811946570193218,27.598352400459863,49.22890618027599,2.298934499540803,3.8608541017419125,9.049212620321393,nan,0.000999000999000999,0.06293706293706294,0.01998001998001998,0.000999000999000999,41.195371626596874,31.76562112027028,12.286528487241474,892.3693531542406
0.0025,0.6,boxcar,163237.85745460496,45.98801960601349,8.88067923342046,1.4252756709670718,1.9982013905407479,9.206843748321237,32.56497517956245,22.907342981040827,1.8382196777532236,5.154277437028836,3.3926672558679742,nan,0.000999000999000999,0.023976023976023976,0.000999000999000999,0.000999000999000999,46.840963987015975,52.66411152832718,20.508505589026047,984.9740879056644
0.0025,0.6,hann,93088.51923493775,32.41113771561318,17.185532067354856,1.2968218969948067,1.810441059422162,15.727450373316868,31.664158533002425,45.590496022599524,1.7201315998027664,4.802813529150226,5.960348015662455,nan,0.000999000999000999,0.10989010989010989,0.001998001998001998,0.000999000999000999,51.01284570939696,53.596763429888995,18.803406782072706,1100.1484324323612
0.0025,0.6,blackman,95096.73578967107,33.23669040123191,16.1660299857519,1.4846482396773855,1.373250535320475,20.63218263582669,27.104082967467548,50.1011792368358,2.300584238223217,4.25592871396445,9.134645578199152,nan,0.000999000999000999,0.055944055944055944,0.011988011988011988,0.000999000999000999,44.40904854037836,34.18773228782389,13.541590061606271,963.2942172236352
0.0025,0.5,boxcar,207468.28266201055,47.54308864026378,8.285273212260364,1.2680471351056375,1.8770506512833303,9.236402340067615,31.90588368021345,21.81299715141488,1.6692212699147055,4.941792438288765,3.473867992239539,nan,0.000999000999000999,0.04395604395604396,0.001998001998001998,0.000999000999000999,49.926063156886066,55.48617969733952,22.100881662370764,1058.2699508925268
0.0025,0.5,hann,131332.30327674942,36.254934348891695,16.09672798498077,1.4576248419806674,1.6970203927007919,14.96312260555893,30.20435274158375,44.76590385189253,2.026868242698783,4.719508946490736,5.9447548107694415,nan,0.000999000999000999,0.056943056943056944,0.006993006993006993,0.000999000999000999,55.9268686702815,59.960627997217316,20.67968042866033,1214.9137675321867
0.0025,0.5,blackman,109988.70018255872,32.49934219018672,16.319059556978953,1.493053602233083,1.2675009762290612,21.149882449783426,27.331137944899925,50.15528462626736,2.2943885988285766,3.8955597903712156,9.286060094133795,nan,0.000999000999000999,0.04495504495504495,0.03196803196803197,0.000999000999000999,48.63980154107054,37.51444575078223,14.653937721305406,1057.3176505821873
0.0025,0.4,boxcar,244129.2167447622,45.575924217155524,8.954531565321004,1.2589652985036761,1.9479446560836358,9.291489951935997,33.019672854368984,22.77977297971442,1.6013648218249399,4.9554504017254395,3.3767106026454514,nan,0.000999000999000999,0.056943056943056944,0.000999000999000999,0.000999000999000999,56.64051651336252,63.29133166906711,25.03248770639208,1208.8204740238466
0.0025,0.4,hann,177270.23930123146,37.656956860972414,15.860249134326843,1.2251629161608606,1.6141424187572715,14.610900166881349,29.162073408720307,45.684712078293785,1.7645124802192236,4.649462377907123,6.0122886169728655,nan,0.000999000999000999,0.08391608391608392,0.005994005994005994,0.000999000999000999,62.651844193452796,66.1899041255206,23.081879347984053,1349.3729934905698
0.0025,0.4,blackman,143475.90692345705,32.98858958748421,16.01821681143113,1.410363251819117,1.3213518544613452,21.141070374441973,27.079116238154537,49.688852484201824,2.187488544878739,4.098861823945451,9.368579176001685,nan,0.000999000999000999,0.07492507492507493,0.01998001998001998,0.000999000999000999,55.51429622597413,43.700161483080144,16.625771706816987,1213.0298178829414
0.0025,0.3,boxcar,339980.92953748506,46.66886588822924,8.62495693255644,1.261854389574207,1.8424973073864999,9.077530867632191,32.571449966646284,22.243295372991916,1.6271269598494211,4.75170046095439,3.3443512807422713,nan,0.000999000999000999,0.04795204795204795,0.000999000999000999,0.000999000999000999,66.0504091157277,73.70240405087266,29.26620219329743,1399.6217234628698
0.0025,0.3,hann,204624.02550220356,34.411773537434016,16.454825311035943,1.2824406502411918,1.6030721905099328,15.200826203371253,31.311976893742155,44.143023317165884,1.7201886515474127,4.300528978409741,5.82556365123374,nan,0.000999000999000999,0.1008991008991009,0.003996003996003996,0.000999000999000999,72.44786660624435,76.36925183331508,26.50464598708493,1559.611358701915
0.0025,0.3,blackman,186909.93230310737,32.505751777237904,16.316232764670175,1.4388280617753881,1.2933204884855927,21.168037620474244,27.267608821005595,50.26343018301191,2.2162111460251497,3.984174840776644,9.31568488873177,nan,0.000999000999000999,0.06693306693306693,0.01898101898101898,0.000999000999000999,63.60634541333468,49.78561108236807,19.033796916713406,1387.0211502673942
0.0025,0.2,boxcar,496156.34083417046,45.99285322299652,8.697065121398996,1.2676728143766438,1.8925806090423731,9.211457275125634,32.96575690382473,22.160979719921304,1.6150776807324512,4.822482056861696,3.3531002374370744,nan,0.000999000999000999,0.06593406593406594,0.000999000999000999,0.000999000999000999,81.46432402860094,89.86047817971459,35.28071832037899,1708.083637862135
0.0025,0.2,hann,335536.64286133315,36.45076069155348,16.170232113150256,1.3442042274542938,1.6331447611707972,14.908289005305168,29.551916702798366,45.96316073725261,1.9104201639731304,4.64214085732573,6.053734851205825,nan,0.000999000999000999,0.061938061938061936,0.006993006993006993,0.000999000999000999,88.75445538872741,93.01929339787957,32.61846665117644,1902.4701668422083
0.0025,0.2,blackman,285064.37482155516,32.87850409171823,16.088556536230485,1.4580200226313953,1.3050819785606724,21.013618745781958,27.23992706762447,49.61242171054081,2.248054511985113,4.024492647390072,9.257125554094742,nan,0.000999000999000999,0.04995004995004995,0.016983016983016984,0.000999000999000999,77.99283813898049,60.877482421382126,23.297849695372577,1699.7943500391661
0.0025,0.1,boxcar,1017902.2012028451,46.65925068620932,8.75526500697782,1.2771917961979145,1.879086709319551,9.172406242580896,32.2957199687391,22.772127740084883,1.6609648427790324,4.887436593320352,3.408156716045123,nan,0.000999000999000999,0.053946053946053944,0.000999000999000999,0.000999000999000999,115.3677752874634,128.179231220753,50.805480785142834,2427.98468072526
0.0025,0.1,hann,616469.0963639785,34.46560211109813,16.333495963519752,1.3775928052166684,1.6320842054783595,15.297048656111714,30.830835409790275,44.50134557495574,1.8766568291148897,4.446686943054678,5.953928313439408,nan,0.000999000999000999,0.06793206793206794,0.00999000999000999,0.000999000999000999,126.88524409288472,133.19147692067693,46.34521338359042,2723.1209120145277
0.0025,0.1,blackman,569194.9844464356,32.85180824939044,16.260503266868533,1.4888815893745098,1.2959169473977723,20.91888346526322,27.18244047893532,50.24869917310881,2.3004934675452913,4.0046817601153295,9.23488094373603,nan,0.000999000999000999,0.06693306693306693,0.02197802197802198,0.000999000999000999,110.51799583420105,85.7091019706733,32.99786087500434,2411.5827346100054
